Date,Time,Inside Temperature (째C),Outside Temperature (째C),Weather Description,Nest Temperature (째C),Target Temperature (째C)
12-28-2018,00:00,20.812,4.89,mist,22.5,23
12-28-2018,00:05,20.937,5.37,mist,22.5,23
12-28-2018,00:10,20.937,5.37,mist,22.5,23
12-28-2018,00:15,21,5.37,mist,22.5,23
12-28-2018,00:20,20.937,5.36,mist,22.5,23
12-28-2018,00:25,20.937,5.36,mist,22.5,23
12-28-2018,00:30,21,5.36,mist,22.5,23
12-28-2018,00:35,21,5.36,mist,22.5,23
12-28-2018,00:40,21,5.63,mist,22.5,23
12-28-2018,00:45,21,5.63,mist,23,23
12-28-2018,00:50,21.125,5.63,mist,22.5,23
12-28-2018,00:55,20.937,5.63,mist,23,23
12-28-2018,01:05,21.062,5.63,mist,23,23
12-28-2018,01:10,20.937,5.75,mist,23,23
12-28-2018,01:15,21.062,5.75,mist,23,23
12-28-2018,01:20,21.125,5.75,mist,23,23
12-28-2018,01:25,21.062,5.75,mist,23,23
12-28-2018,01:30,20.937,5.47,mist,23,23
12-28-2018,01:35,21.125,5.47,mist,23,23
12-28-2018,01:40,21.125,5.87,mist,23,23
12-28-2018,01:45,21.125,5.47,mist,23,23
12-28-2018,01:50,21.187,5.87,mist,23,23
12-28-2018,01:55,21,5.87,mist,23,23
12-28-2018,02:00,21.187,5.87,mist,23,23
12-28-2018,02:05,21,5.87,mist,23,23
12-28-2018,02:10,21.125,5.87,mist,23,23
12-28-2018,02:15,21.187,5.87,mist,23,23
12-28-2018,02:20,21.125,5.87,mist,23,23
12-28-2018,02:25,21.25,5.87,mist,23,23
12-28-2018,02:35,21.187,5.66,mist,23,23
12-28-2018,02:40,21.312,5.66,mist,23,23
12-28-2018,02:45,21.25,5.66,mist,23,23
12-28-2018,02:50,21.25,5.66,mist,23,23
12-28-2018,02:55,21.25,5.66,mist,23,23
12-28-2018,03:05,21.25,5.67,mist,23,23
12-28-2018,03:10,21.312,5.67,mist,23,23
12-28-2018,03:15,21.312,5.67,mist,23,23
12-28-2018,03:20,21.312,5.67,mist,23,23
12-28-2018,03:25,21.187,5.67,mist,23,23
12-28-2018,03:30,21.312,5.67,mist,23,23
12-28-2018,03:35,21.187,5.78,mist,23,23
12-28-2018,03:40,21.187,5.78,mist,23,23
12-28-2018,03:45,21.375,5.78,mist,23,23
12-28-2018,03:50,21.375,5.78,mist,23,23
12-28-2018,03:55,21.375,5.78,mist,23,23
12-28-2018,04:00,21.375,5.78,mist,23,23
12-28-2018,04:05,21.312,5.78,mist,23,23
12-28-2018,04:10,21.437,5.78,mist,23,23
12-28-2018,04:15,21.437,5.78,mist,23,23
12-28-2018,04:20,21.375,5.78,mist,23,23
12-28-2018,04:25,21.437,5.78,mist,23,23
12-28-2018,04:35,21.312,5.89,mist,23,23
12-28-2018,04:40,21.375,5.89,mist,23,23
12-28-2018,04:45,21.5,5.89,mist,23,23
12-28-2018,04:50,21.562,5.89,mist,23,23
12-28-2018,04:55,21.5,5.89,mist,23,23
12-28-2018,05:00,21.5,5.89,mist,23,23
12-28-2018,05:05,21.375,6.25,mist,23,23
12-28-2018,05:10,21.375,6.25,mist,23,23
12-28-2018,05:15,21.312,6.24,mist,23,23
12-28-2018,05:20,21.5,6.24,mist,23,23
12-28-2018,05:25,21.437,6.24,mist,23,23
12-28-2018,05:30,21.375,6.4,mist,23,23
12-28-2018,05:35,21.312,6.22,mist,23,22.5
12-28-2018,05:40,21.437,6.22,mist,23,22.5
12-28-2018,05:45,21.312,6.22,mist,23,22.5
12-28-2018,05:50,21.187,6.22,mist,23,22.5
12-28-2018,05:55,21.375,6.22,mist,23,22.5
12-28-2018,06:00,21.375,6.22,mist,23,22.5
12-28-2018,06:05,21.312,6.22,mist,23,22.5
12-28-2018,06:10,21.437,6.22,mist,23,22.5
12-28-2018,06:15,21.312,6.22,mist,23,22.5
12-28-2018,06:20,21.312,6.22,mist,23,22.5
12-28-2018,06:25,21.375,6.22,mist,23,22.5
12-28-2018,06:35,21.25,6.1,overcast clouds,23,22.5
12-28-2018,06:40,21.375,6.1,overcast clouds,23,22.5
12-28-2018,06:45,21.187,6.1,overcast clouds,23,22.5
12-28-2018,06:50,21.312,6.1,overcast clouds,23,22.5
12-28-2018,06:55,21.187,6.1,overcast clouds,23,22.5
12-28-2018,07:00,21.25,6.1,overcast clouds,23,22.5
12-28-2018,07:05,21.312,6.1,overcast clouds,23,22.5
12-28-2018,07:10,21.187,6.27,mist,23,22.5
12-28-2018,07:15,21.125,6.27,mist,23,22.5
12-28-2018,07:20,21.125,6.27,mist,23,22.5
12-28-2018,07:25,21.25,6.27,mist,23,22.5
12-28-2018,07:35,21.187,6.27,mist,23,22.5
12-28-2018,07:40,21.187,6.67,mist,23,22.5
12-28-2018,07:45,21.187,6.67,mist,23,22.5
12-28-2018,07:50,21.062,6.67,mist,23,22.5
12-28-2018,07:55,21.062,6.67,mist,23,22.5
12-28-2018,08:00,21.062,6.67,mist,23,22.5
12-28-2018,08:05,21.062,6.67,mist,23,22.5
12-28-2018,08:10,21.062,6.9,mist,23,22.5
12-28-2018,08:15,21,6.9,mist,23,22.5
12-28-2018,08:20,20.937,6.9,mist,23,22.5
12-28-2018,08:25,20.875,6.9,mist,23,22.5
12-28-2018,08:30,21.062,6.5,mist,23,22.5
12-28-2018,08:35,21.25,7,mist,23,22.5
12-28-2018,08:40,21.125,7,mist,23,22.5
12-28-2018,08:45,21.187,7,mist,23,22.5
12-28-2018,08:50,21.25,7,mist,22.5,22.5
12-28-2018,08:55,21.312,7,mist,23,22.5
12-28-2018,09:00,21.312,7,mist,23,22.5
12-28-2018,09:05,21.25,7.18,mist,23,22.5
12-28-2018,09:10,21.062,7.18,mist,23,22.5
12-28-2018,09:15,20.812,7.18,mist,22.5,22.5
12-28-2018,09:20,21.312,7.18,mist,23,22.5
12-28-2018,09:25,21.375,7.18,mist,23,22.5
12-28-2018,09:30,21.625,7.18,mist,23,22.5
12-28-2018,09:35,21.5,7.18,mist,23,22.5
12-28-2018,09:40,21.687,7.18,mist,23,19
12-28-2018,09:45,21.75,7.18,mist,23,19
12-28-2018,09:50,21.562,7.18,mist,23,19
12-28-2018,09:55,21.812,7.18,mist,23,19
12-28-2018,10:00,22,7.18,mist,23,19
12-28-2018,10:05,21.75,7.18,mist,23.5,9
12-28-2018,10:10,21.75,7.36,haze,23.5,9
12-28-2018,10:15,22,7.36,haze,23.5,9
12-28-2018,10:20,22,7.36,haze,23.5,9
12-28-2018,10:25,22.062,7.36,haze,23.5,9
12-28-2018,10:30,22,7.44,haze,23.5,9
12-28-2018,10:35,20.312,7.6,overcast clouds,23,9
12-28-2018,10:40,21.5,7.44,haze,23,9
12-28-2018,10:45,21.687,7.6,overcast clouds,23,9
12-28-2018,10:50,21.875,7.6,overcast clouds,23,9
12-28-2018,10:55,21.875,7.6,overcast clouds,23,9
12-28-2018,11:00,22.062,7.82,overcast clouds,23,9
12-28-2018,11:05,22.062,7.82,overcast clouds,23,9
12-28-2018,11:10,20.937,8,broken clouds,23,9
12-28-2018,11:15,21.187,8,broken clouds,23,9
12-28-2018,11:20,21.375,8,broken clouds,23,9
12-28-2018,11:25,20.875,8,broken clouds,23,9
12-28-2018,11:30,21.562,8,broken clouds,23,9
12-28-2018,11:35,21.062,8,broken clouds,23,9
12-28-2018,11:40,21.187,8.6,overcast clouds,23,9
12-28-2018,11:45,21.062,8.6,overcast clouds,23,9
12-28-2018,11:50,21,8.6,overcast clouds,23,9
12-28-2018,11:55,21.312,8.6,overcast clouds,22.5,9
12-28-2018,12:00,21.062,8.6,overcast clouds,22.5,9
12-28-2018,12:05,21.125,8.6,overcast clouds,22.5,9
12-28-2018,12:10,21.062,8.6,broken clouds,22.5,9
12-28-2018,12:15,20.75,8.6,broken clouds,22.5,9
12-28-2018,12:20,20.937,8.6,broken clouds,22.5,9
12-28-2018,12:25,21.062,8.6,broken clouds,22.5,9
12-28-2018,12:35,21.062,8.5,overcast clouds,22.5,9
12-28-2018,12:40,21.187,8.5,overcast clouds,22.5,9
12-28-2018,12:45,21.5,8.5,overcast clouds,22.5,9
12-28-2018,12:50,21.062,8.5,overcast clouds,23,9
12-28-2018,12:55,21.812,8.5,overcast clouds,22.5,9
12-28-2018,13:05,22.125,9.08,few clouds,23,9
12-28-2018,13:10,21.812,9.08,few clouds,23,9
12-28-2018,13:15,21.875,9.08,few clouds,23,9
12-28-2018,13:20,22.187,9.08,few clouds,23.5,9
12-28-2018,13:25,22.125,9.08,few clouds,23.5,9
12-28-2018,13:30,22.25,9.3,few clouds,23.5,9
12-28-2018,13:35,22.125,9.3,few clouds,23.5,9
12-28-2018,13:40,22.312,9.3,few clouds,23.5,9
12-28-2018,13:45,22.375,9.63,clear sky,23.5,9
12-28-2018,13:50,22.187,9.63,clear sky,24,9
12-28-2018,13:55,22.312,9.63,clear sky,24,9
12-28-2018,14:00,22.125,9.63,clear sky,24.5,9
12-28-2018,14:05,22.437,9.63,clear sky,24.5,9
12-28-2018,14:10,22.25,9.54,broken clouds,24,9
12-28-2018,14:15,22.125,9.54,broken clouds,24,9
12-28-2018,14:20,22.062,9.54,broken clouds,24,9
12-28-2018,14:25,21.812,9.54,broken clouds,24,9
12-28-2018,14:30,21.562,9.55,broken clouds,24,9
12-28-2018,14:35,21.437,9.18,overcast clouds,23.5,9
12-28-2018,14:40,20.937,9.18,overcast clouds,23.5,9
12-28-2018,14:45,20.5,9.18,overcast clouds,23,9
12-28-2018,14:50,21.062,9.18,overcast clouds,23,9
12-28-2018,14:55,21.375,9.18,overcast clouds,23,9
12-28-2018,15:05,21.125,9.27,broken clouds,23,9
12-28-2018,15:10,21.062,9.27,broken clouds,23,9
12-28-2018,15:15,21.187,9.27,broken clouds,23,9
12-28-2018,15:20,21,9.27,broken clouds,23,9
12-28-2018,15:25,20.937,9.27,broken clouds,23,9
12-28-2018,15:30,20.937,9.27,broken clouds,23,9
12-28-2018,15:35,20.937,8.92,overcast clouds,23,9
12-28-2018,15:40,20.875,8.92,overcast clouds,23,9
12-28-2018,15:45,20.875,8.92,overcast clouds,23,9
12-28-2018,15:50,20.937,8.92,overcast clouds,23,9
12-28-2018,15:55,21,8.92,overcast clouds,23,9
12-28-2018,16:00,21.187,8.75,overcast clouds,23,9
12-28-2018,16:05,21.312,8.45,broken clouds,23,9
12-28-2018,16:10,21.187,8.45,broken clouds,23,9
12-28-2018,16:15,21.25,8.45,broken clouds,23,9
12-28-2018,16:20,21.125,8.45,broken clouds,23,22.5
12-28-2018,16:25,21.25,8.45,broken clouds,23,22.5
12-28-2018,16:30,21.125,8.45,broken clouds,23,22.5
12-28-2018,16:35,21.187,8.27,overcast clouds,23,22.5
12-28-2018,16:40,21.187,8.27,overcast clouds,23,22.5
12-28-2018,16:45,21.062,8.27,overcast clouds,23,22.5
12-28-2018,16:50,21.25,8.27,overcast clouds,23,22.5
12-28-2018,16:55,21.312,8.27,overcast clouds,23,22.5
12-28-2018,17:00,21.187,8.27,overcast clouds,23,22.5
12-28-2018,17:05,21.125,8.5,broken clouds,23,22.5
12-28-2018,17:10,21.062,8.27,overcast clouds,23,22.5
12-28-2018,17:15,21.187,8.5,broken clouds,23,22.5
12-28-2018,17:20,21.125,8.5,broken clouds,22.5,22.5
12-28-2018,17:25,21.25,8.5,broken clouds,22.5,22.5
12-28-2018,17:30,21.187,8.5,broken clouds,23,22.5
12-28-2018,17:35,21.187,8.5,broken clouds,23,22.5
12-28-2018,17:40,21.187,8.27,overcast clouds,22.5,22.5
12-28-2018,17:45,21.187,8.27,overcast clouds,23,22.5
12-28-2018,17:50,21.25,8.27,overcast clouds,23,22.5
12-28-2018,17:55,21.125,8.27,overcast clouds,23,22.5
12-28-2018,18:00,21.187,8.27,overcast clouds,23,22.5
12-28-2018,18:05,21.25,8.27,overcast clouds,23,22.5
12-28-2018,18:10,21.562,8.27,overcast clouds,23,22.5
12-28-2018,18:15,21.375,8.27,broken clouds,23,22.5
12-28-2018,18:20,21.625,8.27,broken clouds,23,22.5
12-28-2018,18:25,21.625,8.27,broken clouds,23,22.5
12-28-2018,18:30,21.5,8.33,broken clouds,23,22.5
12-28-2018,18:35,21.5,8.27,haze,23,22.5
12-28-2018,18:40,21.687,8.33,broken clouds,23,22.5
12-28-2018,18:45,21.687,8.27,haze,23,22.5
12-28-2018,18:50,21.75,8.27,haze,23,22.5
12-28-2018,18:55,21.812,8.27,haze,23,22.5
12-28-2018,19:00,22.125,8.27,haze,23,22.5
12-28-2018,19:05,22.125,8.27,haze,23,22.5
12-28-2018,19:10,22.062,8.36,haze,23,22.5
12-28-2018,19:15,22.125,8.36,haze,23,22.5
12-28-2018,19:20,22.125,8.36,haze,23,22.5
12-28-2018,19:25,22.25,8.35,haze,23,22.5
12-28-2018,19:30,22.25,8.66,broken clouds,23,22.5
12-28-2018,19:35,22.25,8.2,haze,23,22.5
12-28-2018,19:40,22.25,8.2,haze,23,22.5
12-28-2018,19:45,22.312,8.2,haze,23,22.5
12-28-2018,19:50,22.437,8.2,haze,23,22.5
12-28-2018,19:55,22.812,8.2,haze,23,22.5
12-28-2018,20:00,22.625,8.22,haze,23,22.5
12-28-2018,20:05,22.437,8.22,haze,23.5,22.5
12-28-2018,20:10,22.562,8.33,haze,23.5,22.5
12-28-2018,20:15,22.5,8.33,haze,23.5,22.5
12-28-2018,20:20,22.375,8.33,haze,23.5,22.5
12-28-2018,20:25,22.437,8.33,haze,23.5,22.5
12-28-2018,20:30,22.625,8.62,broken clouds,23.5,22.5
12-28-2018,20:35,20,8.62,broken clouds,23,22.5
12-28-2018,20:40,19.812,8.33,haze,22,22.5
12-28-2018,20:45,21.062,8.33,haze,22.5,22.5
12-28-2018,20:50,21.875,8.33,haze,22.5,22.5
12-28-2018,20:55,22.062,8.33,haze,23,22.5
12-28-2018,21:05,22.375,8.22,haze,23,22.5
12-28-2018,21:10,22.375,8.22,haze,23,22.5
12-28-2018,21:15,22.312,8.22,haze,23,22.5
12-28-2018,21:20,22.375,8.22,haze,23,22.5
12-28-2018,21:25,22.187,8.22,haze,23,22.5
12-28-2018,21:30,22.187,8.16,overcast clouds,23,22.5
12-28-2018,21:35,22.062,8.1,light intensity drizzle,23,22.5
12-28-2018,21:40,22,8.1,light intensity drizzle,23,22.5
12-28-2018,21:45,22.312,8.1,light intensity drizzle,23,22.5
12-28-2018,21:50,22.125,8.1,light intensity drizzle,23,22.5
12-28-2018,21:55,21.937,8.1,light intensity drizzle,23,22.5
12-28-2018,22:00,21.875,8.1,light intensity drizzle,23,22.5
12-28-2018,22:05,21.937,8.1,light intensity drizzle,23,22.5
12-28-2018,22:10,21.812,8,light intensity drizzle,23,22.5
12-28-2018,22:15,21.812,8,light intensity drizzle,23,22.5
12-28-2018,22:20,21.812,8,light intensity drizzle,23,22.5
12-28-2018,22:25,21.75,8,light intensity drizzle,23,22.5
12-28-2018,22:30,21.875,8.12,light intensity drizzle,23,22.5
12-28-2018,22:35,21.75,8.12,light intensity drizzle,23,22.5
12-28-2018,22:40,21.75,8.12,light intensity drizzle,23,22.5
12-28-2018,22:45,21.75,8.32,light intensity drizzle,23,22.5
12-28-2018,22:50,21.562,8.32,light intensity drizzle,23,22.5
12-28-2018,22:55,21.75,8.32,light intensity drizzle,23,22.5
12-28-2018,23:00,21.75,8.5,haze,23,22.5
12-28-2018,23:05,21.625,8.44,haze,22.5,22.5
12-28-2018,23:10,21.625,8.44,haze,22.5,22.5
12-28-2018,23:15,21.562,8.44,haze,22.5,22.5
12-28-2018,23:20,21.437,8.44,haze,22.5,22.5
12-28-2018,23:25,21.25,8.43,haze,22.5,22.5
12-28-2018,23:35,21.562,8.44,overcast clouds,22.5,22.5
12-28-2018,23:40,21.437,8.44,overcast clouds,22.5,22.5
12-28-2018,23:45,21.5,8.44,overcast clouds,22.5,22.5
12-28-2018,23:50,21.312,8.44,overcast clouds,22.5,22.5
12-28-2018,23:55,21.437,8.44,overcast clouds,22.5,22.5
12-29-2018,00:00,21.25,8.44,overcast clouds,22.5,22.5
12-29-2018,00:05,21.312,8.37,overcast clouds,22.5,22.5
12-29-2018,00:10,21.312,8.37,overcast clouds,22.5,22.5
12-29-2018,00:15,21.187,8.37,overcast clouds,22.5,22.5
12-29-2018,00:20,21.187,8.37,overcast clouds,22.5,22.5
12-29-2018,00:25,21.25,8.37,overcast clouds,22.5,22.5
12-29-2018,00:30,21.187,8.37,overcast clouds,22.5,22.5
12-29-2018,00:35,21.25,8.66,overcast clouds,22.5,22.5
12-29-2018,00:40,21.25,8.66,overcast clouds,22.5,22.5
12-29-2018,00:45,21.062,8.66,overcast clouds,22.5,22.5
12-29-2018,00:50,21,8.66,overcast clouds,22.5,22.5
12-29-2018,00:55,21,8.66,overcast clouds,22.5,22.5
12-29-2018,01:05,21,8.25,overcast clouds,22.5,22.5
12-29-2018,01:10,21,8.25,overcast clouds,22.5,22.5
12-29-2018,01:15,21.062,8.25,overcast clouds,22.5,22.5
12-29-2018,01:20,20.937,8.25,overcast clouds,22.5,22.5
12-29-2018,01:25,21,8.25,overcast clouds,22.5,22.5
12-29-2018,01:30,20.875,8.25,overcast clouds,22.5,22.5
12-29-2018,01:35,20.812,8.37,overcast clouds,22.5,22.5
12-29-2018,01:40,20.812,8.37,overcast clouds,22.5,22.5
12-29-2018,01:45,20.75,8.37,overcast clouds,22.5,22.5
12-29-2018,01:50,20.687,8.37,overcast clouds,22.5,22.5
12-29-2018,01:55,20.687,8.37,overcast clouds,22.5,22.5
12-29-2018,02:00,20.812,8.37,overcast clouds,22,23
12-29-2018,02:05,20.75,8.66,mist,22,23
12-29-2018,02:10,20.625,8.66,mist,22.5,23
12-29-2018,02:15,20.687,8.66,mist,22.5,23
12-29-2018,02:20,20.687,8.66,mist,22.5,23
12-29-2018,02:25,20.687,8.66,mist,22.5,23
12-29-2018,02:30,20.687,8.66,mist,22.5,23
12-29-2018,02:35,20.75,8.67,light rain,22.5,23
12-29-2018,02:40,20.812,8.67,light rain,22.5,23
12-29-2018,02:45,20.75,8.67,light rain,22.5,23
12-29-2018,02:50,20.75,8.67,light rain,22.5,23
12-29-2018,02:55,20.687,8.67,light rain,22.5,23
12-29-2018,03:00,20.875,8.67,light rain,22.5,23
12-29-2018,03:05,20.687,8.67,light rain,22.5,23
12-29-2018,03:10,20.937,8.77,mist,22.5,23
12-29-2018,03:15,20.875,8.77,mist,22.5,23
12-29-2018,03:20,20.875,8.77,mist,22.5,23
12-29-2018,03:25,21,8.77,mist,22.5,23
12-29-2018,03:30,21.062,8.83,overcast clouds,22.5,23
12-29-2018,03:35,20.875,8.83,overcast clouds,22.5,23
12-29-2018,03:40,20.937,8.77,mist,22.5,23
12-29-2018,03:45,20.937,8.77,mist,22.5,23
12-29-2018,03:50,21.062,8.77,mist,22.5,23
12-29-2018,03:55,21.062,8.77,mist,22.5,23
12-29-2018,04:05,21.187,8.77,mist,22.5,23
12-29-2018,04:10,21.187,8.77,mist,22.5,23
12-29-2018,04:15,21.187,8.77,mist,22.5,23
12-29-2018,04:20,21.25,8.77,mist,22.5,23
12-29-2018,04:25,21.187,8.77,mist,22.5,23
12-29-2018,04:30,21.25,8.82,mist,22.5,23
12-29-2018,04:35,21.312,8.82,mist,22.5,23
12-29-2018,04:40,21.312,9,overcast clouds,22.5,23
12-29-2018,04:45,21.25,9,overcast clouds,22.5,23
12-29-2018,04:50,21.312,9,overcast clouds,22.5,23
12-29-2018,04:55,21.187,9,overcast clouds,22.5,23
12-29-2018,05:00,21.187,9,overcast clouds,22.5,23
12-29-2018,05:05,21.437,9.11,overcast clouds,22.5,23
12-29-2018,05:10,21.25,9,overcast clouds,22.5,23
12-29-2018,05:15,21.437,9.11,overcast clouds,23,23
12-29-2018,05:20,21.375,9.11,overcast clouds,23,23
12-29-2018,05:25,21.437,9.11,overcast clouds,23,23
12-29-2018,05:30,21.5,8.99,overcast clouds,23,23
12-29-2018,05:35,21.5,8.99,overcast clouds,23,23
12-29-2018,05:40,21.437,9.21,overcast clouds,23,23
12-29-2018,05:45,21.5,9.21,overcast clouds,23,23
12-29-2018,05:50,21.375,9.21,overcast clouds,23,23
12-29-2018,05:55,21.375,9.21,overcast clouds,23,23
12-29-2018,06:00,21.562,9.21,overcast clouds,23,23
12-29-2018,06:05,21.437,9.22,overcast clouds,23,23
12-29-2018,06:10,21.437,9.22,overcast clouds,23,23
12-29-2018,06:15,21.687,9.22,overcast clouds,23,23
12-29-2018,06:20,21.5,9.22,overcast clouds,23,23
12-29-2018,06:25,21.562,9.22,overcast clouds,23,23
12-29-2018,06:30,21.5,9.22,overcast clouds,23,23
12-29-2018,06:35,21.625,9.33,overcast clouds,23,23
12-29-2018,06:40,21.437,9.33,overcast clouds,23,23
12-29-2018,06:45,21.5,9.33,overcast clouds,23,23
12-29-2018,06:50,21.562,9.33,overcast clouds,23,23
12-29-2018,06:55,21.687,9.33,overcast clouds,23,23
12-29-2018,07:05,21.5,9.22,overcast clouds,23,23
12-29-2018,07:10,21.687,9.22,overcast clouds,23,23
12-29-2018,07:15,21.625,9.22,overcast clouds,23,23
12-29-2018,07:20,21.625,9.22,overcast clouds,23,23
12-29-2018,07:25,21.625,9.22,overcast clouds,23,23
12-29-2018,07:30,21.687,9.28,overcast clouds,23,23
12-29-2018,07:35,21.75,9.28,overcast clouds,23,23
12-29-2018,07:40,21.625,9.33,overcast clouds,23,23
12-29-2018,07:45,21.75,9.33,overcast clouds,23,23
12-29-2018,07:50,21.75,9.33,overcast clouds,23,23
12-29-2018,07:55,21.687,9.33,overcast clouds,23,23
12-29-2018,08:00,21.812,9.33,overcast clouds,23,23
12-29-2018,08:05,21.875,9.3,overcast clouds,23,23
12-29-2018,08:10,21.75,9.3,overcast clouds,23,23
12-29-2018,08:15,21.75,9.3,overcast clouds,23.5,23
12-29-2018,08:20,21.812,9.3,overcast clouds,23.5,23
12-29-2018,08:25,21.875,9.29,overcast clouds,23.5,23
12-29-2018,08:35,21.875,9.18,overcast clouds,23.5,23
12-29-2018,08:40,21.812,9.18,overcast clouds,23.5,23
12-29-2018,08:45,21.812,9.18,overcast clouds,23.5,23
12-29-2018,08:50,21.875,9.18,overcast clouds,23.5,23
12-29-2018,08:55,21.75,9.18,overcast clouds,23.5,23
12-29-2018,09:05,21.937,9.5,overcast clouds,23.5,23
12-29-2018,09:10,22.062,9.5,overcast clouds,23.5,23
12-29-2018,09:15,21.937,9.5,overcast clouds,23.5,23
12-29-2018,09:20,22.125,9.5,overcast clouds,23.5,23
12-29-2018,09:25,22,9.5,overcast clouds,23.5,23
12-29-2018,09:30,22.062,9.5,overcast clouds,23.5,23
12-29-2018,09:35,22,9.2,overcast clouds,23.5,23
12-29-2018,09:40,22.125,9.2,overcast clouds,23.5,23
12-29-2018,09:45,22.125,9.2,overcast clouds,23.5,23
12-29-2018,09:50,22.125,9.2,overcast clouds,23.5,23
12-29-2018,09:55,22.062,9.2,overcast clouds,23.5,23
12-29-2018,10:00,22.375,9.89,overcast clouds,23.5,23
12-29-2018,10:05,22.5,9.89,overcast clouds,23.5,23
12-29-2018,10:10,22.25,9.89,overcast clouds,23.5,23
12-29-2018,10:15,22.375,9.89,overcast clouds,23.5,23
12-29-2018,10:20,22.25,9.89,overcast clouds,23.5,23
12-29-2018,10:25,22.375,9.89,overcast clouds,23.5,23
12-29-2018,10:30,22.5,9.77,overcast clouds,23.5,23
12-29-2018,10:35,22.562,9.89,overcast clouds,23.5,20
12-29-2018,10:40,22.812,9.77,overcast clouds,24,20
12-29-2018,10:45,22.5,10.2,overcast clouds,23.5,20
12-29-2018,10:50,22.5,10.2,overcast clouds,24,20
12-29-2018,10:55,22.5,10.2,overcast clouds,24,20
12-29-2018,11:00,22.375,10.29,overcast clouds,24,20
12-29-2018,11:05,22.5,10.39,overcast clouds,24,20
12-29-2018,11:10,22.812,10.39,overcast clouds,24,20
12-29-2018,11:15,22.625,10.39,overcast clouds,24,20
12-29-2018,11:20,22.5,10.39,overcast clouds,24,20
12-29-2018,11:25,22.625,10.39,overcast clouds,24,20
12-29-2018,11:30,22.562,10.5,overcast clouds,24,20
12-29-2018,11:35,22.562,10.39,overcast clouds,24,20
12-29-2018,11:40,22.562,10.73,overcast clouds,24,20
12-29-2018,11:45,22.562,10.73,overcast clouds,24,20
12-29-2018,11:50,22.812,10.73,overcast clouds,24,20
12-29-2018,11:55,22.687,10.73,overcast clouds,24,20
12-29-2018,12:00,22.812,10.73,overcast clouds,24,20
12-29-2018,12:05,22.375,10.9,overcast clouds,24,20
12-29-2018,12:10,20.5,10.9,overcast clouds,23.5,20
12-29-2018,12:15,19.375,10.9,overcast clouds,23,20
12-29-2018,12:20,21,10.9,overcast clouds,23,20
12-29-2018,12:25,21.625,10.9,overcast clouds,23,20
12-29-2018,12:35,22.125,11.4,overcast clouds,23.5,20
12-29-2018,12:40,22.312,11.4,overcast clouds,23.5,20
12-29-2018,12:45,22.25,11.4,overcast clouds,24,20
12-29-2018,12:50,22.312,11.4,overcast clouds,24,20
12-29-2018,12:55,22.375,11.4,overcast clouds,24,20
12-29-2018,13:00,22.312,11.4,overcast clouds,24,20
12-29-2018,13:05,22.25,11.6,overcast clouds,24,20
12-29-2018,13:10,22.187,11.6,overcast clouds,24,20
12-29-2018,13:15,22.437,11.6,overcast clouds,24,20
12-29-2018,13:20,22.437,11.6,overcast clouds,24,20
12-29-2018,13:25,22.375,11.6,overcast clouds,23.5,20
12-29-2018,13:30,22.437,11.6,overcast clouds,24,20
12-29-2018,13:35,22.312,11.6,overcast clouds,23.5,20
12-29-2018,13:40,22.312,11.73,broken clouds,23.5,20
12-29-2018,13:45,22.312,11.73,broken clouds,23.5,20
12-29-2018,13:50,22.312,11.73,broken clouds,23.5,20
12-29-2018,13:55,21.125,11.73,broken clouds,23.5,20
12-29-2018,14:05,19,11.7,broken clouds,22.5,20
12-29-2018,14:10,18.687,11.7,broken clouds,22,20
12-29-2018,14:15,18.375,11.7,broken clouds,21.5,20
12-29-2018,14:20,18.562,11.7,broken clouds,21.5,20
12-29-2018,14:25,18.187,11.7,broken clouds,21.5,20
12-29-2018,14:35,20.312,11.7,broken clouds,21.5,20
12-29-2018,14:40,21.187,11.7,broken clouds,22,20
12-29-2018,14:45,21.25,11.7,broken clouds,22.5,20
12-29-2018,14:50,21.375,11.7,broken clouds,22.5,20
12-29-2018,15:05,21.5,11.89,broken clouds,23,20
12-29-2018,15:10,21.812,11.89,broken clouds,23,20
12-29-2018,15:15,21.812,11.89,broken clouds,23,20
12-29-2018,15:20,21.937,11.89,broken clouds,23,20
12-29-2018,15:25,21.937,11.89,broken clouds,23,20
12-29-2018,15:30,21.875,11.89,broken clouds,23.5,20
12-29-2018,15:35,21.937,12,broken clouds,23.5,20
12-29-2018,15:40,21.937,12,broken clouds,23.5,20
12-29-2018,15:45,21.687,12,broken clouds,23,20
12-29-2018,15:50,21.625,12,broken clouds,23,20
12-29-2018,15:55,21.562,12,broken clouds,23,20
12-29-2018,16:00,21.75,12,broken clouds,23,20
12-29-2018,16:05,21.625,11.6,broken clouds,23,20
12-29-2018,16:10,21.5,11.6,broken clouds,23,20
12-29-2018,16:15,21.5,11.6,broken clouds,23,20
12-29-2018,16:20,21.625,11.6,broken clouds,23,20
12-29-2018,16:25,21.562,11.6,broken clouds,23,20
12-29-2018,16:30,21.5,11.78,broken clouds,23,20
12-29-2018,16:35,21.5,11.54,broken clouds,23,20
12-29-2018,16:40,21.562,11.78,broken clouds,23,20
12-29-2018,16:45,21.625,11.54,broken clouds,23,20
12-29-2018,16:50,21.625,11.54,broken clouds,23,20
12-29-2018,16:55,21.75,11.54,broken clouds,23,20
12-29-2018,17:00,21.687,11.54,broken clouds,23,20
12-29-2018,17:05,21.687,11.3,broken clouds,23,20
12-29-2018,17:10,21.625,11.3,broken clouds,23,20
12-29-2018,17:15,21.687,11.3,broken clouds,23,20
12-29-2018,17:20,21.562,11.3,broken clouds,23,20
12-29-2018,17:25,21.812,11.3,broken clouds,23,20
12-29-2018,17:30,21.687,11.3,broken clouds,23,20
12-29-2018,17:35,21.937,11,scattered clouds,23,20
12-29-2018,17:40,22.187,11,scattered clouds,23,20
12-29-2018,17:45,22,11,scattered clouds,23,20
12-29-2018,17:50,22.125,11,scattered clouds,23,20
12-29-2018,17:55,22.187,11,scattered clouds,23,20
12-29-2018,18:00,22.187,11,scattered clouds,23,20
12-29-2018,18:05,22,10.34,broken clouds,23,20
12-29-2018,18:10,21.937,10.34,broken clouds,23,20
12-29-2018,18:15,22.187,10.34,broken clouds,23.5,20
12-29-2018,18:20,22.375,10.34,broken clouds,23.5,20
12-29-2018,18:25,22.25,10.34,broken clouds,23.5,20
12-29-2018,18:35,22,10.11,few clouds,23.5,20
12-29-2018,18:40,22,10.11,few clouds,23.5,20
12-29-2018,18:45,22.062,10.11,few clouds,23.5,20
12-29-2018,18:50,21.937,10.11,few clouds,23.5,20
12-29-2018,18:55,21.937,10.11,few clouds,23.5,20
12-29-2018,19:00,21.937,10.11,few clouds,23.5,20
12-29-2018,19:05,22,9.78,broken clouds,23.5,20
12-29-2018,19:10,21.812,9.78,broken clouds,23.5,20
12-29-2018,19:15,22,9.78,broken clouds,23.5,20
12-29-2018,19:20,21.812,9.78,broken clouds,23.5,20
12-29-2018,19:25,21.75,9.78,broken clouds,23.5,20
12-29-2018,19:35,21.875,9.78,clear sky,23.5,20
12-29-2018,19:40,21.875,9.78,clear sky,23.5,20
12-29-2018,19:45,21.937,9.78,clear sky,23.5,20
12-29-2018,19:50,22,9.78,clear sky,23.5,20
12-29-2018,19:55,21.75,9.78,clear sky,23.5,20
12-29-2018,20:00,21.687,9.45,clear sky,23.5,20
12-29-2018,20:05,21.812,9.45,clear sky,23.5,20
12-29-2018,20:10,21.75,9.34,clear sky,23.5,20
12-29-2018,20:15,21.625,9.34,clear sky,23.5,20
12-29-2018,20:20,21.75,9.34,clear sky,23.5,20
12-29-2018,20:25,21.625,9.34,clear sky,23.5,20
12-29-2018,20:35,21.562,8.88,clear sky,23,20
12-29-2018,20:40,21.75,8.88,clear sky,23,20
12-29-2018,20:45,21.562,8.88,clear sky,23,20
12-29-2018,20:50,21.5,8.88,clear sky,23,20
12-29-2018,20:55,21.625,8.88,clear sky,23,20
12-29-2018,21:05,21.625,8.55,clear sky,23,20
12-29-2018,21:10,21.5,8.55,clear sky,23,20
12-29-2018,21:15,21.562,8.55,clear sky,23,20
12-29-2018,21:20,21.437,8.55,clear sky,23,20
12-29-2018,21:25,21.5,8.55,clear sky,23,20
12-29-2018,21:30,21.5,8.27,clear sky,23,20
12-29-2018,21:35,21.437,8.27,clear sky,23,20
12-29-2018,21:40,21.437,8.1,clear sky,23,20
12-29-2018,21:45,21.437,8.1,clear sky,23,20
12-29-2018,21:50,21.562,8.1,clear sky,23,20
12-29-2018,21:55,21.625,8.1,clear sky,22.5,20
12-29-2018,22:00,21.562,8,clear sky,22.5,20
12-29-2018,22:05,21.5,8,clear sky,22.5,20
12-29-2018,22:10,21.187,8,clear sky,22.5,20
12-29-2018,22:15,21.375,7.77,few clouds,22.5,20
12-29-2018,22:20,21.187,7.77,few clouds,22.5,20
12-29-2018,22:25,21.25,7.77,few clouds,22.5,20
12-29-2018,22:30,21.187,7.85,few clouds,22.5,20
12-29-2018,22:35,21,7.85,few clouds,22.5,20
12-29-2018,22:40,21.125,6.69,few clouds,22.5,20
12-29-2018,22:45,21.187,7.85,few clouds,22.5,20
12-29-2018,22:50,21.187,6.69,few clouds,22.5,20
12-29-2018,22:55,20.937,6.69,few clouds,22.5,20
12-29-2018,23:05,21.062,6.69,few clouds,22.5,20
12-29-2018,23:10,21,6.52,fog,22,20
12-29-2018,23:15,20.812,6.52,fog,22,20
12-29-2018,23:20,20.875,6.52,fog,22,20
12-29-2018,23:25,20.75,6.52,fog,22,20
12-29-2018,23:30,20.812,6.8,fog,22,20
12-29-2018,23:35,20.812,6.8,fog,22,20
12-29-2018,23:40,20.75,6.99,mist,22,20
12-29-2018,23:45,20.687,6.99,mist,22,20
12-29-2018,23:50,20.687,6.99,mist,22,20
12-29-2018,23:55,20.75,6.99,mist,22,20
12-30-2018,00:00,20.562,6.99,mist,22,20
12-30-2018,00:05,20.625,6.99,mist,22,20
12-30-2018,00:10,20.5,6.99,fog,22,20
12-30-2018,00:15,20.625,6.99,fog,22,20
12-30-2018,00:20,20.562,6.99,fog,22,20
12-30-2018,00:25,20.75,6.99,fog,22,20
12-30-2018,00:30,20.625,6.98,fog,22,20
12-30-2018,00:40,20.687,6.98,fog,21.5,20
12-30-2018,00:45,20.5,6.44,fog,21.5,20
12-30-2018,00:50,20.437,6.44,fog,21.5,20
12-30-2018,00:55,20.437,6.44,fog,21.5,20
12-30-2018,01:00,20.437,6.44,fog,21.5,20
12-30-2018,01:05,20.437,6.32,fog,21.5,20
12-30-2018,01:10,20.375,6.32,fog,21.5,20
12-30-2018,01:15,20.375,6.32,fog,21.5,22.5
12-30-2018,01:20,20.25,6.32,fog,21.5,22.5
12-30-2018,01:25,20.375,6.32,fog,21.5,22.5
12-30-2018,01:30,20.312,6.32,fog,21.5,22.5
12-30-2018,01:35,20.375,6.34,fog,21.5,22.5
12-30-2018,01:40,20.312,6.34,fog,21.5,22.5
12-30-2018,01:45,20.312,6.34,fog,21.5,22.5
12-30-2018,01:50,20.312,6.34,fog,21.5,22.5
12-30-2018,01:55,20.312,6.34,fog,21.5,22.5
12-30-2018,02:00,20.187,6.34,fog,21.5,22.5
12-30-2018,02:05,20.062,6.34,fog,21.5,22.5
12-30-2018,02:10,20.437,6.34,fog,21.5,22.5
12-30-2018,02:15,20.5,6.34,fog,21.5,22.5
12-30-2018,02:20,20.5,6.34,fog,21.5,22.5
12-30-2018,02:25,20.375,6.34,fog,21.5,22.5
12-30-2018,02:30,20.312,6.15,fog,22,22.5
12-30-2018,02:35,20.375,6.99,fog,21.5,22.5
12-30-2018,02:40,20.5,6.99,fog,22,22.5
12-30-2018,02:45,20.375,6.99,fog,22,22.5
12-30-2018,02:50,20.437,6.99,fog,22,22.5
12-30-2018,02:55,20.562,6.99,fog,22,22.5
12-30-2018,03:00,20.5,6.88,fog,22,22.5
12-30-2018,03:05,20.687,6.88,fog,22,22.5
12-30-2018,03:10,20.75,6.88,fog,22,22.5
12-30-2018,03:15,20.75,6.88,fog,22,22.5
12-30-2018,03:20,20.5,6.88,fog,22,22.5
12-30-2018,03:25,20.562,6.88,fog,22,22.5
12-30-2018,03:30,20.812,6.88,fog,22,22.5
12-30-2018,03:35,20.687,7.24,fog,22,22.5
12-30-2018,03:40,20.562,7.24,fog,22,22.5
12-30-2018,03:45,20.562,7.24,fog,22,22.5
12-30-2018,03:50,20.437,7.24,fog,22,22.5
12-30-2018,03:55,20.562,7.24,fog,22,22.5
12-30-2018,04:00,20.625,7.24,fog,22,22.5
12-30-2018,04:05,20.75,7.36,fog,22,22.5
12-30-2018,04:10,20.937,7.36,fog,22,22.5
12-30-2018,04:15,20.937,7.36,fog,22,22.5
12-30-2018,04:20,20.812,7.35,fog,22,22.5
12-30-2018,04:25,21,7.35,fog,22.5,22.5
12-30-2018,04:30,21.062,6.64,fog,22.5,22.5
12-30-2018,04:35,20.812,7,fog,22.5,22.5
12-30-2018,04:40,20.937,7,fog,22,22.5
12-30-2018,04:45,20.937,7,fog,22.5,22.5
12-30-2018,04:50,20.937,7,fog,22.5,22.5
12-30-2018,04:55,21,7,fog,22.5,22.5
12-30-2018,05:00,20.875,7,fog,22.5,22.5
12-30-2018,05:05,20.875,7.5,fog,22.5,22.5
12-30-2018,05:10,21,7.5,fog,22.5,22.5
12-30-2018,05:15,21.062,7.5,fog,22.5,22.5
12-30-2018,05:20,21.062,7.5,fog,22.5,22.5
12-30-2018,05:25,21.062,7.5,fog,22.5,22.5
12-30-2018,05:30,21,6.78,fog,22.5,22.5
12-30-2018,05:35,21,7.5,fog,22.5,22.5
12-30-2018,05:40,20.937,6.78,fog,22.5,22.5
12-30-2018,05:45,21.187,7.89,mist,22.5,22.5
12-30-2018,05:50,21.187,7.89,mist,22.5,22.5
12-30-2018,06:00,21.187,7.89,mist,22.5,22.5
12-30-2018,06:05,21.25,7.89,mist,22.5,22.5
12-30-2018,06:10,21.125,7.79,mist,22.5,22.5
12-30-2018,06:15,21.25,7.79,mist,22.5,22.5
12-30-2018,06:20,21.125,7.8,mist,22.5,22.5
12-30-2018,06:25,21.25,7.8,mist,22.5,22.5
12-30-2018,06:30,21.125,7.8,mist,22.5,22.5
12-30-2018,06:35,21.25,7.8,mist,22.5,22.5
12-30-2018,06:40,21.187,7.89,mist,22.5,22.5
12-30-2018,06:45,21.25,7.89,mist,22.5,22.5
12-30-2018,06:50,21.25,7.89,mist,22.5,22.5
12-30-2018,06:55,21.125,7.89,mist,22.5,22.5
12-30-2018,07:00,21.375,7.9,mist,22.5,22.5
12-30-2018,07:05,21.312,7.89,mist,22.5,22.5
12-30-2018,07:10,21.375,7.9,mist,22.5,22.5
12-30-2018,07:15,21.375,8.01,mist,22.5,22.5
12-30-2018,07:20,21.375,8.01,mist,22.5,22.5
12-30-2018,07:25,21.437,8.01,mist,22.5,22.5
12-30-2018,07:30,21.437,8.01,mist,22.5,22.5
12-30-2018,07:35,21.437,8.62,mist,22.5,22.5
12-30-2018,07:40,21.5,8.62,mist,23,22.5
12-30-2018,07:50,21.625,8.62,mist,23,22.5
12-30-2018,07:55,21.5,8.62,mist,23,22.5
12-30-2018,08:05,21.437,8.7,mist,23,22.5
12-30-2018,08:10,21.5,8.7,mist,23,22.5
12-30-2018,08:15,21.687,8.7,mist,23,22.5
12-30-2018,08:20,21.687,8.7,mist,23,22.5
12-30-2018,08:25,21.687,8.7,mist,23,22.5
12-30-2018,08:30,21.812,8.7,mist,23,22.5
12-30-2018,08:35,21.75,8.7,mist,23,22.5
12-30-2018,08:40,21.75,8.64,mist,23,22.5
12-30-2018,08:45,21.937,8.64,mist,23,22.5
12-30-2018,08:50,22,8.64,mist,23,22.5
12-30-2018,08:55,22.125,8.64,mist,23,22.5
12-30-2018,09:00,22.187,8.9,mist,23,22.5
12-30-2018,09:05,22.25,8.9,mist,23.5,21
12-30-2018,09:10,22.312,8.7,mist,23.5,21
12-30-2018,09:15,22.562,8.7,mist,23.5,21
12-30-2018,09:20,22.5,8.7,mist,23.5,9
12-30-2018,09:25,22.5,8.7,mist,23.5,9
12-30-2018,09:30,22.5,8.7,mist,23.5,9
12-30-2018,09:35,22.562,8.91,mist,23.5,9
12-30-2018,09:40,22.625,8.91,mist,23.5,9
12-30-2018,09:45,22.5,8.91,mist,23.5,9
12-30-2018,09:50,22.687,8.91,mist,23.5,9
12-30-2018,09:55,22.625,8.91,mist,23.5,9
12-30-2018,10:00,22.562,8.91,mist,24,9
12-30-2018,10:05,20.562,8.8,mist,23.5,9
12-30-2018,10:10,20.25,8.91,mist,23,9
12-30-2018,10:15,21.25,8.8,mist,23,9
12-30-2018,10:20,19.125,8.8,mist,22.5,9
12-30-2018,10:25,18.062,8.8,mist,22,9
12-30-2018,10:35,17.687,9.2,mist,21.5,9
12-30-2018,10:40,17.25,9.2,mist,21,9
12-30-2018,10:45,16.937,9.2,mist,20.5,9
12-30-2018,10:50,17.062,9.2,mist,20.5,9
12-30-2018,10:55,17.062,9.2,mist,20.5,9
12-30-2018,11:00,17.062,9.2,mist,20.5,9
12-30-2018,11:05,16.687,9.09,mist,20,9
12-30-2018,11:10,16.75,9.09,mist,20,9
12-30-2018,11:15,17.125,9.09,mist,20,9
12-30-2018,11:20,19.187,9.09,mist,20.5,9.5
12-30-2018,11:25,20.062,9.09,mist,21.5,9.5
12-30-2018,11:30,20.437,9.5,mist,21.5,9.5
12-30-2018,11:35,20.437,9.45,mist,22,9.5
12-30-2018,11:40,20.687,9.45,mist,22,9.5
12-30-2018,11:45,20.812,9.45,mist,22.5,9.5
12-30-2018,11:50,20.812,9.45,mist,22,9.5
12-30-2018,11:55,20.937,9.45,mist,22.5,9.5
12-30-2018,12:00,21.062,9.45,mist,22.5,9.5
12-30-2018,12:05,21.187,9.54,mist,22.5,9.5
12-30-2018,12:10,21.25,9.54,mist,22.5,9.5
12-30-2018,12:15,21.375,9.54,mist,22.5,9.5
12-30-2018,12:20,21.312,9.54,mist,22.5,9.5
12-30-2018,12:25,21.5,9.54,mist,23,9.5
12-30-2018,12:30,21.687,9.89,mist,23,9.5
12-30-2018,12:35,21.312,9.89,mist,23,9.5
12-30-2018,12:40,21.437,9.6,mist,23,9.5
12-30-2018,12:45,21.625,9.6,mist,23,9.5
12-30-2018,12:50,22.125,9.6,mist,23,9.5
12-30-2018,13:05,21.5,9.59,haze,23,9.5
12-30-2018,13:10,21.562,9.59,haze,23,9.5
12-30-2018,13:15,21.812,9.59,haze,23,9.5
12-30-2018,13:20,21.875,9.59,haze,23,9.5
12-30-2018,13:25,22.062,9.59,haze,23,9.5
12-30-2018,13:30,22,9.59,haze,23,9.5
12-30-2018,13:35,22,9.82,haze,23,9.5
12-30-2018,13:40,21.875,9.82,haze,23,9.5
12-30-2018,13:45,22.062,9.82,haze,23,9.5
12-30-2018,13:50,22.062,9.82,haze,23,9.5
12-30-2018,13:55,22.062,9.82,haze,23,9.5
12-30-2018,14:00,21.937,9.82,haze,23,9.5
12-30-2018,14:05,21.937,9.81,haze,23,9.5
12-30-2018,14:10,22,9.81,haze,23,9.5
12-30-2018,14:15,21.937,9.81,haze,23,9.5
12-30-2018,14:20,21.875,9.81,haze,23,9.5
12-30-2018,14:25,21.812,9.81,haze,23,9.5
12-30-2018,14:30,21.875,9.78,haze,23,9.5
12-30-2018,14:35,21.812,10,haze,23,9.5
12-30-2018,14:40,21.812,10,haze,23,9.5
12-30-2018,14:45,21.812,10,haze,23,9.5
12-30-2018,14:50,21.687,10,haze,23,9.5
12-30-2018,14:55,21.562,10,haze,22.5,9.5
12-30-2018,15:00,21.562,10,haze,22.5,9.5
12-30-2018,15:05,21.562,9.99,haze,22.5,9.5
12-30-2018,15:10,21.5,9.99,haze,22.5,9.5
12-30-2018,15:15,21.562,9.99,haze,22.5,9.5
12-30-2018,15:20,21.5,9.99,haze,22.5,9.5
12-30-2018,15:25,21.5,9.99,haze,22.5,9.5
12-30-2018,15:35,21.437,9.9,haze,22.5,9.5
12-30-2018,15:40,21.5,9.9,haze,22.5,9.5
12-30-2018,15:45,21.375,9.9,haze,22.5,9.5
12-30-2018,15:50,21.375,9.9,haze,22.5,9.5
12-30-2018,15:55,21.312,9.9,haze,22.5,9.5
12-30-2018,16:00,21.312,9.9,haze,22.5,9.5
12-30-2018,16:05,21.312,9.9,haze,22.5,9.5
12-30-2018,16:10,21.312,9.9,haze,22.5,9.5
12-30-2018,16:15,21.437,9.9,haze,22.5,9.5
12-30-2018,16:20,21.437,9.9,haze,22.5,9.5
12-30-2018,16:25,21.5,9.9,haze,22.5,9.5
12-30-2018,16:30,21.5,9.9,haze,22.5,9.5
12-30-2018,16:35,21.375,9.9,haze,22.5,9.5
12-30-2018,16:40,21.375,10,haze,22.5,9.5
12-30-2018,16:45,21.375,10,haze,23,9.5
12-30-2018,16:50,21.562,10,haze,23,9.5
12-30-2018,16:55,21.5,10,haze,22.5,9.5
12-30-2018,17:00,21.75,10,haze,23,9.5
12-30-2018,17:05,21.75,10,haze,23,9.5
12-30-2018,17:10,21.687,10,haze,23,9.5
12-30-2018,17:15,21.625,10,haze,23,9.5
12-30-2018,17:20,21.812,10,haze,23,9.5
12-30-2018,17:25,21.875,10,haze,23,9.5
12-30-2018,17:30,21.75,9.78,haze,23,9.5
12-30-2018,17:35,21.812,9.78,haze,23,9.5
12-30-2018,17:40,21.875,9.8,haze,23,9.5
12-30-2018,17:45,21.75,9.8,haze,23,9.5
12-30-2018,17:50,21.687,9.8,haze,23,9.5
12-30-2018,17:55,21.562,9.8,haze,23,9.5
12-30-2018,18:05,21.687,9.8,haze,23,9.5
12-30-2018,18:10,21.75,9.8,haze,23,9.5
12-30-2018,18:15,21.625,9.8,haze,23,9.5
12-30-2018,18:20,21.625,9.8,haze,23,9.5
12-30-2018,18:25,21.875,9.8,haze,23,9.5
12-30-2018,18:30,21.812,9.89,haze,23,9.5
12-30-2018,18:35,21.625,9.8,haze,23,9.5
12-30-2018,18:40,21.625,9.8,haze,23,9.5
12-30-2018,18:45,21.562,9.8,haze,23,9.5
12-30-2018,18:50,21.75,9.8,haze,23,9.5
12-30-2018,18:55,21.625,9.8,haze,23,9.5
12-30-2018,19:00,21.5,9.8,haze,23,9.5
12-30-2018,19:05,21.5,9.8,haze,23,9.5
12-30-2018,19:10,21.375,9.8,haze,23,9.5
12-30-2018,19:15,21.562,9.8,haze,23,9.5
12-30-2018,19:20,21.437,9.8,haze,23,9.5
12-30-2018,19:25,21.312,9.8,haze,23,9.5
12-30-2018,19:30,21.5,9.8,haze,23,9.5
12-30-2018,19:35,21.312,9.7,haze,23,9.5
12-30-2018,19:40,21.437,9.7,haze,23,9.5
12-30-2018,19:45,21.312,9.7,haze,23,9.5
12-30-2018,19:50,21.312,9.7,haze,23,9.5
12-30-2018,19:55,21.187,9.7,haze,22.5,9.5
12-30-2018,20:00,21.312,9.7,haze,22.5,9.5
12-30-2018,20:05,21.062,9.7,haze,23,9.5
12-30-2018,20:10,21,9.91,haze,22.5,9.5
12-30-2018,20:15,21.125,9.91,haze,22.5,9.5
12-30-2018,20:20,21.062,9.91,haze,22.5,9.5
12-30-2018,20:25,21.187,9.91,haze,22.5,9.5
12-30-2018,20:30,21.187,9.87,light intensity drizzle,22.5,9.5
12-30-2018,20:35,20.937,9.91,haze,22.5,9.5
12-30-2018,20:40,21.062,9.87,light intensity drizzle,22.5,9.5
12-30-2018,20:45,21.062,9.91,overcast clouds,22.5,9.5
12-30-2018,20:50,21.125,9.91,overcast clouds,22.5,9.5
12-30-2018,20:55,20.875,9.91,overcast clouds,22.5,9.5
12-30-2018,21:05,21,9.91,overcast clouds,22.5,9.5
12-30-2018,21:10,20.937,9.82,overcast clouds,22.5,9.5
12-30-2018,21:15,20.875,9.82,overcast clouds,22.5,9.5
12-30-2018,21:20,20.812,9.82,overcast clouds,22.5,9.5
12-30-2018,21:25,21,9.82,overcast clouds,22.5,9.5
12-30-2018,21:35,20.937,9.55,overcast clouds,22.5,9.5
12-30-2018,21:40,20.937,9.55,overcast clouds,22.5,9.5
12-30-2018,21:45,20.875,9.55,overcast clouds,22.5,9.5
12-30-2018,21:50,20.937,9.55,overcast clouds,22.5,9.5
12-30-2018,21:55,20.875,9.55,overcast clouds,22.5,9.5
12-30-2018,22:05,20.687,9.77,overcast clouds,22.5,9.5
12-30-2018,22:10,20.75,9.77,overcast clouds,22.5,9.5
12-30-2018,22:15,20.687,9.77,overcast clouds,22.5,9.5
12-30-2018,22:20,20.75,9.77,overcast clouds,22,9.5
12-30-2018,22:25,20.687,9.77,overcast clouds,22,9.5
12-30-2018,22:30,20.625,9.77,overcast clouds,22,9.5
12-30-2018,22:35,20.75,9.77,overcast clouds,22,9.5
12-30-2018,22:40,20.687,9.77,overcast clouds,22,9.5
12-30-2018,22:45,20.75,9.77,overcast clouds,22,9.5
12-30-2018,22:50,20.5,9.77,overcast clouds,22,9.5
12-30-2018,22:55,20.625,9.77,overcast clouds,22,9.5
12-30-2018,23:00,20.812,9.77,overcast clouds,22,9.5
12-30-2018,23:05,20.687,9.77,overcast clouds,22,9.5
12-30-2018,23:10,20.687,9.77,overcast clouds,22,9.5
12-30-2018,23:15,20.687,9.77,overcast clouds,22,9.5
12-30-2018,23:20,20.562,9.77,overcast clouds,22,9.5
12-30-2018,23:25,20.687,9.77,overcast clouds,22,9.5
12-30-2018,23:30,20.687,9.83,overcast clouds,22,9.5
12-30-2018,23:35,20.687,9.83,overcast clouds,22,9.5
12-30-2018,23:40,20.437,9.83,overcast clouds,22,9.5
12-30-2018,23:50,20.437,9.77,overcast clouds,22,9.5
12-30-2018,23:55,20.437,9.77,overcast clouds,22,9.5
12-31-2018,00:00,20.312,9.77,overcast clouds,22,9.5
12-31-2018,00:05,20.375,9.77,overcast clouds,22,9.5
12-31-2018,00:10,20.312,9.77,overcast clouds,21.5,9.5
12-31-2018,00:15,20.312,9.77,overcast clouds,21.5,9.5
12-31-2018,00:20,20.125,9.77,overcast clouds,21.5,9.5
12-31-2018,00:25,20.125,9.77,overcast clouds,21.5,9.5
12-31-2018,00:30,20.187,9.83,overcast clouds,21.5,9.5
12-31-2018,00:35,20.125,9.77,overcast clouds,21.5,9.5
12-31-2018,00:40,20,9.66,overcast clouds,21.5,9.5
12-31-2018,00:45,19.937,9.66,overcast clouds,21.5,9.5
12-31-2018,00:50,19.937,9.66,overcast clouds,21.5,9.5
12-31-2018,00:55,20.062,9.66,overcast clouds,21.5,9.5
12-31-2018,01:00,19.937,9.66,overcast clouds,21.5,9.5
12-31-2018,01:05,19.937,9.66,overcast clouds,21.5,9.5
12-31-2018,01:10,19.75,9.66,overcast clouds,21.5,9.5
12-31-2018,01:15,19.937,9.66,overcast clouds,21.5,9.5
12-31-2018,01:20,19.812,9.66,overcast clouds,21.5,9.5
12-31-2018,01:25,19.812,9.66,overcast clouds,21.5,9.5
12-31-2018,01:30,19.875,9.66,overcast clouds,21.5,9.5
12-31-2018,01:40,19.75,9.25,overcast clouds,21.5,9.5
12-31-2018,01:45,19.75,9.25,overcast clouds,21.5,9.5
12-31-2018,01:50,19.562,9.25,overcast clouds,21,9.5
12-31-2018,01:55,19.75,9.25,overcast clouds,21,9.5
12-31-2018,02:05,19.562,9.37,overcast clouds,21,9.5
12-31-2018,02:10,19.687,9.37,overcast clouds,21,9.5
12-31-2018,02:15,19.625,9.37,overcast clouds,21,9.5
12-31-2018,02:20,19.5,9.37,overcast clouds,21,9.5
12-31-2018,02:25,19.625,9.37,overcast clouds,21,9.5
12-31-2018,02:30,19.625,9.37,overcast clouds,21,9.5
12-31-2018,02:35,19.625,9.44,overcast clouds,21,9.5
12-31-2018,02:40,19.562,9.44,overcast clouds,21,9.5
12-31-2018,02:45,19.562,9.44,overcast clouds,21,9.5
12-31-2018,02:50,19.5,9.44,overcast clouds,21,9.5
12-31-2018,02:55,19.625,9.44,overcast clouds,21,9.5
12-31-2018,03:00,19.625,9.33,overcast clouds,21,9.5
12-31-2018,03:05,19.562,9.33,overcast clouds,21,9.5
12-31-2018,03:10,19.562,9.33,overcast clouds,21,9.5
12-31-2018,03:15,19.312,9.34,overcast clouds,21,9.5
12-31-2018,03:20,19.312,9.34,overcast clouds,21,9.5
12-31-2018,03:25,19.312,9.34,overcast clouds,21,9.5
12-31-2018,03:30,19.312,9.34,overcast clouds,21,9.5
12-31-2018,03:35,19.25,9.11,overcast clouds,21,9.5
12-31-2018,03:40,19.25,9.11,overcast clouds,21,9.5
12-31-2018,03:45,19.25,9.11,overcast clouds,21,9.5
12-31-2018,03:50,19.312,9.11,overcast clouds,21,9.5
12-31-2018,03:55,19.125,9.11,overcast clouds,21,9.5
12-31-2018,04:00,19.25,9.11,overcast clouds,21,9.5
12-31-2018,04:05,19.25,9,overcast clouds,20.5,9.5
12-31-2018,04:10,19.125,9,overcast clouds,21,9.5
12-31-2018,04:15,19.312,9,overcast clouds,20.5,9.5
12-31-2018,04:20,19.125,9,overcast clouds,20.5,9.5
12-31-2018,04:25,19.062,9,overcast clouds,20.5,9.5
12-31-2018,04:30,19.187,9.01,overcast clouds,20.5,9.5
12-31-2018,04:35,19.187,8.89,overcast clouds,20.5,9.5
12-31-2018,04:45,18.937,8.89,overcast clouds,20.5,9.5
12-31-2018,04:50,19.125,8.89,overcast clouds,20.5,9.5
12-31-2018,04:55,19.125,8.89,overcast clouds,20.5,9.5
12-31-2018,05:00,18.937,8.62,overcast clouds,20.5,9.5
12-31-2018,05:05,19.125,8.89,overcast clouds,20.5,9.5
12-31-2018,05:10,18.812,8.62,overcast clouds,20.5,9.5
12-31-2018,05:15,19.062,8.62,overcast clouds,20.5,9.5
12-31-2018,05:20,18.875,8.62,overcast clouds,20.5,9.5
12-31-2018,05:25,19,8.62,overcast clouds,20.5,9.5
12-31-2018,05:30,18.937,8.62,overcast clouds,20.5,9.5
12-31-2018,05:35,19.062,8.66,overcast clouds,20.5,9.5
12-31-2018,05:40,18.937,8.66,overcast clouds,20.5,9.5
12-31-2018,05:45,18.812,8.66,overcast clouds,20.5,9.5
12-31-2018,05:50,19,8.66,overcast clouds,20.5,9.5
12-31-2018,05:55,19.062,8.66,overcast clouds,20.5,9.5
12-31-2018,06:00,18.875,8.66,overcast clouds,20.5,9.5
12-31-2018,06:05,18.812,8.45,overcast clouds,20.5,9.5
12-31-2018,06:10,18.75,8.45,overcast clouds,20.5,9.5
12-31-2018,06:15,18.812,8.45,overcast clouds,20.5,9.5
12-31-2018,06:20,18.812,8.45,overcast clouds,20.5,9.5
12-31-2018,06:25,18.75,8.45,overcast clouds,20.5,9.5
12-31-2018,06:30,18.75,8.71,overcast clouds,20.5,9.5
12-31-2018,06:35,18.75,8.56,overcast clouds,20.5,9.5
12-31-2018,06:40,18.812,8.56,overcast clouds,20.5,9.5
12-31-2018,06:45,18.75,8.56,overcast clouds,20.5,9.5
12-31-2018,06:50,18.75,8.56,overcast clouds,20.5,9.5
12-31-2018,06:55,18.812,8.56,overcast clouds,20.5,9.5
12-31-2018,07:00,18.687,8.56,overcast clouds,20.5,9.5
12-31-2018,07:05,18.687,8.5,overcast clouds,20.5,9.5
12-31-2018,07:10,18.625,8.5,overcast clouds,20.5,9.5
12-31-2018,07:15,18.625,8.5,overcast clouds,20.5,9.5
12-31-2018,07:20,18.625,8.5,overcast clouds,20.5,9.5
12-31-2018,07:25,18.562,8.5,overcast clouds,20.5,9.5
12-31-2018,07:30,18.562,8.5,overcast clouds,20.5,9.5
12-31-2018,07:35,18.625,8.55,overcast clouds,20.5,9.5
12-31-2018,07:40,18.437,8.55,overcast clouds,20.5,9.5
12-31-2018,07:45,18.437,8.55,overcast clouds,20.5,9.5
12-31-2018,07:50,18.5,8.55,overcast clouds,20.5,9.5
12-31-2018,07:55,18.625,8.55,overcast clouds,20,9.5
12-31-2018,08:00,18.5,8.55,overcast clouds,20,9.5
12-31-2018,08:05,18.437,8.55,overcast clouds,20,9.5
12-31-2018,08:10,18.437,8.45,overcast clouds,20,9.5
12-31-2018,08:15,18.437,8.45,overcast clouds,20,9.5
12-31-2018,08:20,18.437,8.45,overcast clouds,20,9.5
12-31-2018,08:25,18.5,8.45,overcast clouds,20,9.5
12-31-2018,08:30,18.375,8.44,overcast clouds,20,9.5
12-31-2018,08:35,18.5,8.45,overcast clouds,20,9.5
12-31-2018,08:40,18.437,8.44,overcast clouds,20,9.5
12-31-2018,08:45,18.312,8.45,overcast clouds,20,9.5
12-31-2018,08:50,18.437,8.45,overcast clouds,20,20.5
12-31-2018,08:55,18.625,8.45,overcast clouds,20,20.5
12-31-2018,09:00,18.812,8.45,overcast clouds,20,20.5
12-31-2018,09:05,18.562,8.64,light intensity drizzle,20,20.5
12-31-2018,09:10,18.625,8.64,light intensity drizzle,20,20.5
12-31-2018,09:15,18.812,8.64,light intensity drizzle,20.5,20.5
12-31-2018,09:20,18.812,8.64,light intensity drizzle,20.5,20.5
12-31-2018,09:25,19,8.64,light intensity drizzle,20,20.5
12-31-2018,09:30,19.187,8.64,light intensity drizzle,20,20.5
12-31-2018,09:35,19.187,8.83,light intensity drizzle,20,20.5
12-31-2018,09:40,19.125,8.83,light intensity drizzle,20.5,20.5
12-31-2018,09:45,18.5,8.83,light intensity drizzle,20.5,20.5
12-31-2018,09:50,19.062,8.83,light intensity drizzle,20.5,20.5
12-31-2018,09:55,19.437,8.83,light intensity drizzle,20.5,20.5
12-31-2018,10:05,19.687,8.83,light intensity drizzle,20.5,9
12-31-2018,10:10,19.437,8.91,overcast clouds,20.5,9
12-31-2018,10:15,19.687,8.91,overcast clouds,20.5,9
12-31-2018,10:20,19.812,8.91,overcast clouds,20.5,9
12-31-2018,10:25,19.75,8.91,overcast clouds,20.5,9
12-31-2018,10:30,19.687,9,overcast clouds,20.5,9
12-31-2018,10:35,19.937,9,overcast clouds,20.5,9
12-31-2018,10:40,19.25,9,overcast clouds,20.5,9
12-31-2018,10:45,19.75,9,overcast clouds,20.5,9
12-31-2018,10:50,19.875,9,overcast clouds,20.5,9
12-31-2018,10:55,19.937,9,overcast clouds,20.5,9
12-31-2018,11:00,19.812,9.18,overcast clouds,20.5,9
12-31-2018,11:05,19.937,9,overcast clouds,20.5,9
12-31-2018,11:10,19.812,9.18,overcast clouds,20.5,9
12-31-2018,11:15,19.75,9.18,overcast clouds,20.5,9
12-31-2018,11:20,19.937,9.18,overcast clouds,20.5,9
12-31-2018,11:25,20,9.18,overcast clouds,20.5,9
12-31-2018,11:30,20,9.18,overcast clouds,20.5,9
12-31-2018,11:35,20.062,9.18,overcast clouds,20.5,9
12-31-2018,11:40,19.75,9.18,overcast clouds,20.5,9
12-31-2018,11:45,19.875,9.45,overcast clouds,20.5,9
12-31-2018,11:50,20,9.45,overcast clouds,20.5,9
12-31-2018,11:55,20,9.45,overcast clouds,20.5,9
12-31-2018,12:00,19.75,9.45,overcast clouds,20.5,9
12-31-2018,12:05,19.812,9.45,overcast clouds,20.5,9
12-31-2018,12:10,18,9.45,overcast clouds,20.5,9
12-31-2018,12:15,18.812,9.45,overcast clouds,20,9
12-31-2018,12:20,19.125,9.45,overcast clouds,20.5,9
12-31-2018,12:25,19.375,9.45,overcast clouds,20.5,9
12-31-2018,12:30,18.25,9.45,overcast clouds,20.5,9
12-31-2018,12:35,17.375,9.45,overcast clouds,20,9
12-31-2018,12:40,18.375,9.45,overcast clouds,20,9
12-31-2018,12:45,18.5,9.45,overcast clouds,20,9
12-31-2018,12:50,18.875,9.45,overcast clouds,20,9
12-31-2018,12:55,18.812,9.45,overcast clouds,20,9
12-31-2018,13:00,18.875,9.45,overcast clouds,20.5,9
12-31-2018,13:05,18.875,9.36,overcast clouds,20.5,9
12-31-2018,13:10,19,9.36,overcast clouds,20.5,9
12-31-2018,13:15,19.187,9.36,overcast clouds,20.5,9
12-31-2018,13:20,18.937,9.36,overcast clouds,20.5,9
12-31-2018,13:25,19,9.36,overcast clouds,20.5,9
12-31-2018,13:30,19,9.44,overcast clouds,20.5,9
12-31-2018,13:35,19,9.45,overcast clouds,20.5,9
12-31-2018,13:40,18.812,9.45,overcast clouds,20.5,9
12-31-2018,13:45,19,9.45,overcast clouds,20.5,9
12-31-2018,13:50,19.562,9.45,overcast clouds,20.5,9
12-31-2018,13:55,19.937,9.45,overcast clouds,20.5,9
12-31-2018,14:00,19.312,9.45,overcast clouds,20.5,9
12-31-2018,14:05,18.562,9.36,overcast clouds,20.5,9
12-31-2018,14:10,18.75,9.36,overcast clouds,20.5,9
12-31-2018,14:15,19.187,9.36,overcast clouds,20.5,9
12-31-2018,14:20,19.312,9.36,overcast clouds,20.5,9
12-31-2018,14:25,18.937,9.36,overcast clouds,20.5,9
12-31-2018,14:30,19.062,9.33,overcast clouds,20.5,9
12-31-2018,14:35,17.5,9.36,overcast clouds,20.5,9
12-31-2018,14:40,16.5,9.33,overcast clouds,19.5,9
12-31-2018,14:45,17.125,9.36,overcast clouds,19.5,20.5
12-31-2018,14:50,18,9.36,overcast clouds,19.5,20.5
12-31-2018,15:05,18.5,9.09,overcast clouds,20,22.5
12-31-2018,15:10,18.687,9.09,overcast clouds,20,22.5
12-31-2018,15:15,18.875,9.09,overcast clouds,20,22.5
12-31-2018,15:20,18.5,9.09,overcast clouds,20,20.5
12-31-2018,15:25,15.937,9.09,overcast clouds,19.5,20.5
12-31-2018,15:30,17.75,9.11,overcast clouds,19.5,20.5
12-31-2018,15:35,17.812,9.08,overcast clouds,19.5,20.5
12-31-2018,15:40,16.5,9.08,overcast clouds,19.5,20.5
12-31-2018,15:45,17.312,9.08,overcast clouds,19.5,20.5
12-31-2018,15:50,18.25,9.08,overcast clouds,20,20.5
12-31-2018,15:55,18.375,9.08,overcast clouds,20,20.5
12-31-2018,16:05,18.437,9,overcast clouds,20,20.5
12-31-2018,16:10,18.687,9,overcast clouds,20,20.5
12-31-2018,16:15,18.625,9,overcast clouds,20,20.5
12-31-2018,16:20,18.562,9,overcast clouds,20,20.5
12-31-2018,16:25,18.75,9,overcast clouds,20,20.5
12-31-2018,16:35,18.812,9,overcast clouds,20.5,20.5
12-31-2018,16:40,19.125,9,overcast clouds,20.5,20.5
12-31-2018,16:52,19.312,8.91,overcast clouds,20.5,20.5
12-31-2018,16:59,19.125,8.91,overcast clouds,20.5,20.5
12-31-2018,17:00,19,8.91,overcast clouds,20.5,20.5
12-31-2018,17:05,19.125,8.92,overcast clouds,20.5,20.5
12-31-2018,17:10,19.375,8.92,overcast clouds,20.5,20.5
12-31-2018,17:15,19.437,8.92,overcast clouds,20.5,20.5
12-31-2018,17:20,19.312,8.92,overcast clouds,21,20.5
12-31-2018,17:25,19.437,8.92,overcast clouds,21,20.5
12-31-2018,17:30,19.437,8.9,overcast clouds,21,20.5
12-31-2018,17:35,19.687,8.92,overcast clouds,21,20.5
12-31-2018,17:40,19.562,8.92,overcast clouds,21,20.5
12-31-2018,17:45,19.562,8.92,overcast clouds,21,20.5
12-31-2018,17:50,19.562,8.92,overcast clouds,21,20.5
12-31-2018,17:55,19.437,8.92,overcast clouds,21,20.5
12-31-2018,18:00,19.562,8.91,overcast clouds,21,20.5
12-31-2018,18:05,19.562,8.91,overcast clouds,21,20.5
12-31-2018,18:10,19.5,8.7,overcast clouds,21,20.5
12-31-2018,18:15,19.437,8.7,overcast clouds,21,20.5
12-31-2018,18:20,19.437,8.7,overcast clouds,21,20.5
12-31-2018,18:25,19.437,8.7,overcast clouds,21,20.5
12-31-2018,18:30,19.5,8.7,overcast clouds,21,20.5
12-31-2018,18:35,19.625,8.7,overcast clouds,21,20.5
12-31-2018,18:40,19.687,8.6,overcast clouds,21,20.5
12-31-2018,18:45,19.75,8.6,overcast clouds,21,20.5
12-31-2018,18:50,19.812,8.6,overcast clouds,21,20.5
12-31-2018,18:55,19.75,8.6,overcast clouds,21,20.5
12-31-2018,19:00,19.75,8.6,overcast clouds,21,20.5
12-31-2018,19:05,19.937,8.6,overcast clouds,21,20.5
12-31-2018,19:10,20,8.5,overcast clouds,21.5,20.5
12-31-2018,19:20,20,8.51,overcast clouds,21.5,20.5
12-31-2018,19:25,20.125,8.51,overcast clouds,21.5,20.5
12-31-2018,19:30,20,8.57,overcast clouds,21.5,20.5
12-31-2018,19:35,20,8.56,overcast clouds,21.5,20.5
12-31-2018,19:40,20.062,8.56,overcast clouds,21.5,20.5
12-31-2018,19:45,19.937,8.56,overcast clouds,21.5,20.5
12-31-2018,19:50,20.062,8.56,overcast clouds,21.5,20.5
12-31-2018,19:55,20.062,8.56,overcast clouds,21.5,20.5
12-31-2018,20:00,20.187,8.56,overcast clouds,21.5,20.5
12-31-2018,20:05,20.5,8.45,overcast clouds,21.5,22.5
12-31-2018,20:10,20.5,8.45,overcast clouds,21.5,22.5
12-31-2018,20:15,20.687,8.45,overcast clouds,22,22.5
12-31-2018,20:20,20.875,8.45,overcast clouds,22,22.5
12-31-2018,20:25,20.75,8.45,overcast clouds,22,22.5
12-31-2018,20:30,21.125,8.57,overcast clouds,22,22.5
12-31-2018,20:35,21.187,8.57,overcast clouds,22.5,22.5
12-31-2018,20:40,21.375,8.57,overcast clouds,22.5,22.5
12-31-2018,20:45,21.375,8.56,overcast clouds,22.5,22.5
12-31-2018,20:50,21.187,8.56,overcast clouds,22.5,22.5
12-31-2018,20:55,21.187,8.56,overcast clouds,22.5,22.5
12-31-2018,21:00,21.062,8.56,overcast clouds,23,22.5
12-31-2018,21:05,21.187,8.56,overcast clouds,23,22.5
12-31-2018,21:10,21.375,8.56,overcast clouds,23,22.5
12-31-2018,21:15,21.5,8.56,overcast clouds,23,22.5
12-31-2018,21:20,21.5,8.56,overcast clouds,23,22.5
12-31-2018,21:25,21.5,8.56,overcast clouds,23,22.5
12-31-2018,21:30,21.75,8.62,overcast clouds,23,22.5
12-31-2018,21:35,21.75,8.62,overcast clouds,23,22.5
12-31-2018,21:40,22,8.44,overcast clouds,23,22.5
12-31-2018,21:45,22.125,8.44,overcast clouds,23,22.5
12-31-2018,21:50,22.312,8.44,overcast clouds,23,22.5
12-31-2018,21:55,22.25,8.44,overcast clouds,23,22.5
12-31-2018,22:00,22.125,8.45,overcast clouds,23,22.5
12-31-2018,22:05,22.5,8.44,overcast clouds,23.5,22.5
12-31-2018,22:10,22.5,8.45,overcast clouds,23,22.5
12-31-2018,22:15,22.625,8.45,overcast clouds,23.5,22.5
12-31-2018,22:20,22.5,8.45,overcast clouds,23.5,22.5
12-31-2018,22:25,22.437,8.45,overcast clouds,23.5,22.5
12-31-2018,22:30,22.562,8.45,overcast clouds,23.5,22.5
12-31-2018,22:35,22.437,8.33,overcast clouds,23.5,22.5
12-31-2018,22:40,22.25,8.33,overcast clouds,23.5,22.5
12-31-2018,22:45,22.25,8.33,overcast clouds,23.5,22.5
12-31-2018,22:50,22.375,8.33,overcast clouds,23.5,22.5
12-31-2018,22:55,22.437,8.33,overcast clouds,23.5,22.5
12-31-2018,23:05,22.437,8.45,overcast clouds,23.5,22.5
12-31-2018,23:10,22.625,8.45,overcast clouds,23.5,22.5
12-31-2018,23:15,22.625,8.45,overcast clouds,23.5,22.5
12-31-2018,23:20,22.312,8.45,overcast clouds,23.5,22.5
12-31-2018,23:25,22.25,8.45,overcast clouds,23.5,22.5
12-31-2018,23:35,22.312,8.38,overcast clouds,24,22.5
12-31-2018,23:40,21.937,8.38,overcast clouds,24,22.5
12-31-2018,23:45,22.062,8.38,overcast clouds,24,22.5
12-31-2018,23:50,21.875,8.38,overcast clouds,24,22.5
12-31-2018,23:55,22.125,8.38,overcast clouds,24,22.5
01-01-2019,00:00,22.312,8.38,overcast clouds,23.5,22.5
01-01-2019,00:05,22.5,8.38,overcast clouds,23.5,22.5
01-01-2019,00:10,22.062,8.45,overcast clouds,23.5,22.5
01-01-2019,00:15,22.187,8.45,overcast clouds,23.5,22.5
01-01-2019,00:20,21.875,8.45,overcast clouds,23.5,22.5
01-01-2019,00:25,22,8.45,overcast clouds,23.5,22.5
01-01-2019,00:30,22,8.45,overcast clouds,23.5,22.5
01-01-2019,00:35,22.062,8.33,overcast clouds,23.5,22.5
01-01-2019,00:40,22.125,8.33,overcast clouds,23.5,22.5
01-01-2019,00:45,21.75,8.33,overcast clouds,23.5,22.5
01-01-2019,00:50,21.562,8.33,overcast clouds,23.5,22.5
01-01-2019,00:55,21.562,8.33,overcast clouds,23.5,22.5
01-01-2019,01:00,21.937,8.33,overcast clouds,23.5,22.5
01-01-2019,01:05,21.937,8.22,overcast clouds,23.5,22.5
01-01-2019,01:10,21.937,8.22,overcast clouds,23.5,22.5
01-01-2019,01:15,21.75,8.22,overcast clouds,23.5,22.5
01-01-2019,01:20,21.75,8.22,overcast clouds,23.5,22.5
01-01-2019,01:25,19.937,8.22,overcast clouds,23,22.5
01-01-2019,01:30,21.125,8.48,overcast clouds,22.5,22.5
01-01-2019,01:35,21.312,8.24,overcast clouds,23,22.5
01-01-2019,01:40,21.375,8.48,overcast clouds,23,22.5
01-01-2019,01:45,21.25,8.24,overcast clouds,23,22.5
01-01-2019,01:50,21.312,8.24,overcast clouds,23,22.5
01-01-2019,01:55,21.625,8.24,overcast clouds,23,22.5
01-01-2019,02:00,21.312,8.28,overcast clouds,23,22.5
01-01-2019,02:05,21.187,8.28,overcast clouds,23,22.5
01-01-2019,02:10,21.437,8.28,overcast clouds,23,22.5
01-01-2019,02:15,21.437,8.28,overcast clouds,23,22.5
01-01-2019,02:20,21.625,8.28,overcast clouds,23,22.5
01-01-2019,02:25,21.625,8.28,overcast clouds,23,22.5
01-01-2019,02:35,21.375,8.28,overcast clouds,23,22.5
01-01-2019,02:40,21.375,8.28,overcast clouds,23,22.5
01-01-2019,02:45,21.625,8.28,overcast clouds,23,22.5
01-01-2019,02:50,21.562,8.28,overcast clouds,22.5,22.5
01-01-2019,02:55,21.5,8.28,overcast clouds,22.5,22.5
01-01-2019,03:00,21.562,8.28,overcast clouds,22.5,22.5
01-01-2019,03:05,21.312,8.28,overcast clouds,23,22.5
01-01-2019,03:10,21.625,8.28,overcast clouds,23,22.5
01-01-2019,03:15,21.5,8.28,overcast clouds,23,22.5
01-01-2019,03:20,21.562,8.28,overcast clouds,23,22.5
01-01-2019,03:25,17.062,8.28,overcast clouds,23,22.5
01-01-2019,03:30,15.687,8.4,overcast clouds,21.5,22.5
01-01-2019,03:35,18.875,8.24,overcast clouds,21,22.5
01-01-2019,03:40,19.937,8.24,overcast clouds,21.5,22.5
01-01-2019,03:45,20.312,8.24,overcast clouds,22,22.5
01-01-2019,03:50,20.5,8.24,overcast clouds,22,22.5
01-01-2019,03:55,20.687,8.24,overcast clouds,22,22.5
01-01-2019,04:00,20.687,8.24,overcast clouds,22,22.5
01-01-2019,04:05,20.812,8.12,overcast clouds,22,22.5
01-01-2019,04:10,21.062,8.12,overcast clouds,22,22.5
01-01-2019,04:15,20.875,8.12,overcast clouds,22,22.5
01-01-2019,04:20,21.062,8.12,overcast clouds,22,22.5
01-01-2019,04:25,17.562,8.12,overcast clouds,22,22.5
01-01-2019,04:30,18.437,7.98,overcast clouds,21,22.5
01-01-2019,04:35,19.812,8,overcast clouds,21,22.5
01-01-2019,04:40,19.937,8,overcast clouds,21.5,22.5
01-01-2019,04:45,20,8,overcast clouds,21.5,22.5
01-01-2019,04:50,20.187,8,overcast clouds,22,22.5
01-01-2019,04:55,20.062,8,overcast clouds,22,22.5
01-01-2019,05:00,20.25,7.56,broken clouds,22,22.5
01-01-2019,05:05,20.25,7.56,broken clouds,22,22.5
01-01-2019,05:10,20.187,7.46,broken clouds,22,22.5
01-01-2019,05:15,20.187,7.46,broken clouds,22,22.5
01-01-2019,05:20,20.187,7.46,broken clouds,22,22.5
01-01-2019,05:25,20.062,7.46,broken clouds,22,22.5
01-01-2019,05:35,20.125,7.34,broken clouds,22,22.5
01-01-2019,05:40,20.062,7.34,broken clouds,22,22.5
01-01-2019,05:45,20.125,7.34,broken clouds,22,22.5
01-01-2019,05:50,20.125,7.34,broken clouds,22,22.5
01-01-2019,05:55,20.125,7.34,broken clouds,22,22.5
01-01-2019,06:05,20.187,7.46,broken clouds,22,22.5
01-01-2019,06:10,20.062,7.46,broken clouds,22,22.5
01-01-2019,06:15,20.187,7.46,broken clouds,22,22.5
01-01-2019,06:20,20.187,7.46,broken clouds,22,22.5
01-01-2019,06:25,20.187,7.46,broken clouds,22,22.5
01-01-2019,06:30,20.125,7.46,broken clouds,22,22.5
01-01-2019,06:35,20.125,6.63,broken clouds,22,22.5
01-01-2019,06:40,20.187,6.63,broken clouds,22,22.5
01-01-2019,06:45,20.25,6.63,broken clouds,22,22.5
01-01-2019,06:50,20.187,6.63,broken clouds,22,22.5
01-01-2019,06:55,20.25,6.63,broken clouds,22,22.5
01-01-2019,07:00,20.125,6.63,broken clouds,22,22.5
01-01-2019,07:05,20.187,6.63,broken clouds,22,22.5
01-01-2019,07:10,20.125,6.63,few clouds,22,22.5
01-01-2019,07:15,20.062,6.63,few clouds,22,22.5
01-01-2019,07:20,20.125,6.63,few clouds,22,22.5
01-01-2019,07:25,20.125,6.63,few clouds,22,22.5
01-01-2019,07:30,20.312,6.87,overcast clouds,22,22.5
01-01-2019,07:35,20.25,6.87,overcast clouds,22,22.5
01-01-2019,07:40,20.187,6.87,overcast clouds,22,22.5
01-01-2019,07:45,20.25,6.78,broken clouds,22,22.5
01-01-2019,07:50,20.187,6.78,broken clouds,22,22.5
01-01-2019,07:55,20.25,6.77,broken clouds,22,22.5
01-01-2019,08:00,20.312,6.78,broken clouds,22,22.5
01-01-2019,08:05,20.375,6.99,broken clouds,22,22.5
01-01-2019,08:10,20.312,6.99,broken clouds,22,22.5
01-01-2019,08:15,20.312,6.99,broken clouds,22,22.5
01-01-2019,08:20,20.375,6.99,broken clouds,22,22.5
01-01-2019,08:25,20.312,6.99,broken clouds,22,22.5
01-01-2019,08:30,20.5,6.99,broken clouds,22,22.5
01-01-2019,08:35,20.437,6.99,broken clouds,22,22.5
01-01-2019,08:40,20.375,6.99,broken clouds,22,22.5
01-01-2019,08:45,20.5,7.54,broken clouds,22,22.5
01-01-2019,08:50,20.437,7.54,broken clouds,22,22.5
01-01-2019,08:55,20.5,7.54,broken clouds,22,22.5
01-01-2019,09:00,20.437,7.5,overcast clouds,22,22.5
01-01-2019,09:05,20.562,7.5,overcast clouds,22,22.5
01-01-2019,09:10,20.562,7.5,broken clouds,22,22.5
01-01-2019,09:15,20.562,7.5,broken clouds,22,22.5
01-01-2019,09:20,20.562,7.5,broken clouds,22,22.5
01-01-2019,09:25,20.812,7.5,broken clouds,22,22.5
01-01-2019,09:35,20.812,7.6,overcast clouds,22,22.5
01-01-2019,09:40,20.812,7.6,overcast clouds,22,22.5
01-01-2019,09:45,20.875,7.6,overcast clouds,22,22.5
01-01-2019,09:50,20.812,7.6,overcast clouds,22,22.5
01-01-2019,09:55,20.812,7.6,overcast clouds,22,22.5
01-01-2019,10:00,20.812,7.8,broken clouds,22,22.5
01-01-2019,10:05,21,7.99,broken clouds,22,9
01-01-2019,10:10,20.75,7.99,broken clouds,22,9
01-01-2019,10:15,21,7.99,broken clouds,22,9
01-01-2019,10:20,21.187,7.99,broken clouds,22,9
01-01-2019,10:25,21.125,7.99,broken clouds,22,9
01-01-2019,10:35,21,8.4,overcast clouds,22,9
01-01-2019,10:40,21.125,8.4,overcast clouds,22,9
01-01-2019,10:45,21.187,8.4,overcast clouds,22,9
01-01-2019,10:50,21.125,8.4,overcast clouds,22,9
01-01-2019,10:55,21.25,8.4,overcast clouds,22,9
01-01-2019,11:00,21.25,8.4,overcast clouds,22,9
01-01-2019,11:05,21.25,9.08,broken clouds,22,9
01-01-2019,11:10,21.25,9.08,broken clouds,22,9
01-01-2019,11:15,21.187,9.08,broken clouds,22,9
01-01-2019,11:20,21.187,9.08,broken clouds,22,9
01-01-2019,11:25,21.25,9.08,broken clouds,22,9
01-01-2019,11:30,21.312,9.62,broken clouds,22,9
01-01-2019,11:35,21.437,9.5,broken clouds,22,9
01-01-2019,11:40,21.5,9.5,broken clouds,22.5,9
01-01-2019,11:45,21.437,9.5,broken clouds,22.5,9
01-01-2019,11:50,21.187,9.5,broken clouds,22.5,9
01-01-2019,11:55,21.562,9.5,broken clouds,22.5,9
01-01-2019,12:00,21.687,9.5,broken clouds,22.5,9
01-01-2019,12:05,21.687,9.89,broken clouds,22,9
01-01-2019,12:10,21.375,9.89,broken clouds,22.5,9
01-01-2019,12:15,21.375,9.89,broken clouds,22.5,9
01-01-2019,12:20,21.5,9.88,broken clouds,22.5,9
01-01-2019,12:25,21.437,9.88,broken clouds,22.5,9
01-01-2019,12:30,21.625,10.12,broken clouds,22.5,9
01-01-2019,12:35,21.437,10.12,broken clouds,22.5,9
01-01-2019,12:40,21.625,10.09,overcast clouds,22.5,9
01-01-2019,12:45,21.437,10.09,overcast clouds,22.5,9
01-01-2019,12:50,21.687,10.09,overcast clouds,22.5,9
01-01-2019,12:55,21.625,10.09,overcast clouds,22.5,9
01-01-2019,13:05,21.625,9.99,broken clouds,22.5,9
01-01-2019,13:10,21.687,9.99,broken clouds,22.5,9
01-01-2019,13:15,21.625,9.99,broken clouds,22.5,9
01-01-2019,13:20,21.812,9.99,broken clouds,22.5,9
01-01-2019,13:25,21.75,9.99,broken clouds,23,9
01-01-2019,13:30,21.75,9.99,broken clouds,23,9
01-01-2019,13:35,21.5,10,overcast clouds,23,9
01-01-2019,13:40,20.875,10,overcast clouds,22.5,9
01-01-2019,13:45,21.312,10,overcast clouds,22.5,9
01-01-2019,13:50,21.25,10,overcast clouds,22.5,9
01-01-2019,13:55,21.375,10,overcast clouds,23,9
01-01-2019,14:05,21.375,10,overcast clouds,22.5,9
01-01-2019,14:10,21.25,9.89,shower rain,22.5,9
01-01-2019,14:15,21.25,9.89,shower rain,22.5,9
01-01-2019,14:20,21.25,9.89,shower rain,22.5,9
01-01-2019,14:25,21.25,9.89,shower rain,22.5,9
01-01-2019,14:30,21.187,9.89,shower rain,22.5,9
01-01-2019,14:35,21.062,9.91,overcast clouds,22.5,9
01-01-2019,14:40,21,9.91,overcast clouds,22.5,9
01-01-2019,14:45,21.062,9.91,overcast clouds,22.5,9
01-01-2019,14:50,21.125,9.91,overcast clouds,22.5,9
01-01-2019,14:55,20.937,9.91,overcast clouds,22.5,9
01-01-2019,15:05,20.875,9.91,overcast clouds,22.5,9
01-01-2019,15:10,20.812,9.9,broken clouds,22.5,9
01-01-2019,15:15,20.812,9.9,broken clouds,22.5,9
01-01-2019,15:20,20.937,9.9,broken clouds,22.5,9
01-01-2019,15:30,20.562,9.89,broken clouds,22,9
01-01-2019,15:35,20.75,9.72,shower rain,22,9
01-01-2019,15:40,20.562,9.72,shower rain,22,9
01-01-2019,15:45,20.625,9.72,shower rain,22,9
01-01-2019,15:50,20.562,9.72,shower rain,22,9
01-01-2019,15:55,20.5,9.72,shower rain,22,22.5
01-01-2019,16:05,20.625,9.09,broken clouds,22,22.5
01-01-2019,16:10,20.5,9.09,broken clouds,22,22.5
01-01-2019,16:15,20.625,9.09,broken clouds,22,22.5
01-01-2019,16:20,20.562,9.09,broken clouds,22,22.5
01-01-2019,16:25,20.437,9.09,broken clouds,22,22.5
01-01-2019,16:30,20.437,9.09,broken clouds,22,22.5
01-01-2019,16:35,20.562,9.09,broken clouds,22,22.5
01-01-2019,16:40,20.5,8.82,shower rain,22,22.5
01-01-2019,16:45,20.5,8.82,shower rain,22,22.5
01-01-2019,16:50,20.5,8.82,shower rain,22,22.5
01-01-2019,16:55,20.437,8.82,shower rain,22,22.5
01-01-2019,17:00,20.562,8.82,shower rain,22,22.5
01-01-2019,17:05,20.5,8.82,shower rain,22,22.5
01-01-2019,17:10,20.562,8.82,shower rain,22,22.5
01-01-2019,17:15,20.5,8.82,shower rain,22,22.5
01-01-2019,17:20,20.5,8.82,shower rain,22,22.5
01-01-2019,17:25,20.625,8.82,shower rain,22,22.5
01-01-2019,17:30,20.375,8.62,shower rain,22,22.5
01-01-2019,17:35,20.687,8.62,shower rain,22,22.5
01-01-2019,17:40,20.562,8.27,broken clouds,22,22.5
01-01-2019,17:45,20.812,8.27,broken clouds,22,22.5
01-01-2019,17:50,20.812,8.27,broken clouds,22,22.5
01-01-2019,17:55,21.062,8.27,broken clouds,22.5,22.5
01-01-2019,18:00,21.25,8.27,broken clouds,22.5,22.5
01-01-2019,18:06,21.187,8.1,broken clouds,22.5,22.5
01-01-2019,18:10,21.125,8.1,broken clouds,22.5,22.5
01-01-2019,18:15,21.125,8.1,broken clouds,22.5,22.5
01-01-2019,18:20,21.187,8.1,broken clouds,22.5,22.5
01-01-2019,18:25,21.25,8.1,broken clouds,22.5,22.5
01-01-2019,18:30,21.125,8.1,broken clouds,22.5,22.5
01-01-2019,18:35,21.062,7.45,overcast clouds,22.5,22.5
01-01-2019,18:40,21.187,7.45,overcast clouds,22.5,22.5
01-01-2019,18:45,21.312,7.45,overcast clouds,22.5,22.5
01-01-2019,18:50,21.312,7.45,overcast clouds,22.5,22.5
01-01-2019,18:55,21.312,7.45,overcast clouds,22.5,22.5
01-01-2019,19:05,21.375,7.27,overcast clouds,22.5,22.5
01-01-2019,19:10,21.125,7.27,overcast clouds,23,22.5
01-01-2019,19:15,21.312,7.27,overcast clouds,23,22.5
01-01-2019,19:20,21.312,7.27,overcast clouds,23,22.5
01-01-2019,19:25,21.375,7.27,overcast clouds,23,22.5
01-01-2019,19:30,21.375,7.12,overcast clouds,23,22.5
01-01-2019,19:35,21.437,7.12,overcast clouds,23,22.5
01-01-2019,19:40,21.375,6.82,overcast clouds,23,22.5
01-01-2019,19:45,21.562,7.12,overcast clouds,23,22.5
01-01-2019,19:50,21.437,6.82,overcast clouds,23,22.5
01-01-2019,19:55,21.375,6.82,overcast clouds,23,22.5
01-01-2019,20:00,21.375,6.82,overcast clouds,23,22.5
01-01-2019,20:05,21.562,6.55,overcast clouds,23,22.5
01-01-2019,20:10,21.5,6.55,overcast clouds,23,22.5
01-01-2019,20:15,21.562,6.55,overcast clouds,23,22.5
01-01-2019,20:20,21.562,6.55,overcast clouds,23,22.5
01-01-2019,20:25,21.687,6.55,overcast clouds,23,22.5
01-01-2019,20:30,21.687,6.24,overcast clouds,23,22.5
01-01-2019,20:35,21.75,6.36,overcast clouds,23,22.5
01-01-2019,20:40,21.625,6.36,overcast clouds,23,22.5
01-01-2019,20:45,21.562,6.36,overcast clouds,23,22.5
01-01-2019,20:50,21.437,6.36,overcast clouds,23,22.5
01-01-2019,20:55,21.687,6.36,overcast clouds,23,22.5
01-01-2019,21:00,21.437,6.36,overcast clouds,23,22.5
01-01-2019,21:05,21.562,6.09,overcast clouds,23,22.5
01-01-2019,21:10,21.562,6.09,overcast clouds,23,22.5
01-01-2019,21:15,21.437,6.09,overcast clouds,23,22.5
01-01-2019,21:20,21.562,6.09,overcast clouds,23,22.5
01-01-2019,21:25,21.5,6.09,overcast clouds,23,22.5
01-01-2019,21:30,21.25,6.09,overcast clouds,23,22.5
01-01-2019,21:35,21.25,5.9,overcast clouds,23,22.5
01-01-2019,21:40,21.375,5.9,overcast clouds,23,22.5
01-01-2019,21:45,21.25,5.9,overcast clouds,23,22.5
01-01-2019,21:50,21.187,5.9,overcast clouds,23,22.5
01-01-2019,21:55,21,5.9,overcast clouds,22.5,22.5
01-01-2019,22:00,21.062,6,overcast clouds,22.5,22.5
01-01-2019,22:05,20.937,5.61,overcast clouds,22.5,22.5
01-01-2019,22:10,21,5.61,overcast clouds,22.5,22.5
01-01-2019,22:15,20.875,5.61,overcast clouds,22.5,22.5
01-01-2019,22:20,20.812,5.61,overcast clouds,22.5,22.5
01-01-2019,22:25,20.812,5.61,overcast clouds,22.5,22.5
01-01-2019,22:30,20.812,5.13,overcast clouds,22.5,22.5
01-01-2019,22:35,20.812,5.61,overcast clouds,22.5,22.5
01-01-2019,22:40,20.625,5.2,overcast clouds,22.5,22.5
01-01-2019,22:45,20.625,5.2,overcast clouds,22.5,22.5
01-01-2019,22:50,20.562,5.2,overcast clouds,22.5,22.5
01-01-2019,22:55,20.437,5.2,overcast clouds,22.5,22.5
01-01-2019,23:05,20.437,5.2,overcast clouds,22.5,22.5
01-01-2019,23:10,20.25,5.39,light rain,22,22.5
01-01-2019,23:15,20.312,5.39,light rain,22,22.5
01-01-2019,23:20,20.25,5.39,light rain,22,22.5
01-01-2019,23:25,20.312,5.39,light rain,22,22.5
01-01-2019,23:30,20.25,5.39,light rain,22,22.5
01-01-2019,23:35,20.187,4.44,clear sky,22,22.5
01-01-2019,23:40,20.187,4.44,clear sky,22,22.5
01-01-2019,23:50,20.125,4.44,clear sky,22,22.5
01-01-2019,23:55,20.125,4.44,clear sky,22,22.5
01-02-2019,00:05,19.937,4.33,clear sky,22,22.5
01-02-2019,00:10,20.062,4.33,clear sky,22,22.5
01-02-2019,00:15,19.937,4.33,clear sky,22,22.5
01-02-2019,00:20,19.937,4.33,clear sky,22,22.5
01-02-2019,00:25,20.062,4.33,clear sky,22,22.5
01-02-2019,00:30,19.937,4.16,clear sky,22,22.5
01-02-2019,00:35,19.875,4.12,clear sky,22,22.5
01-02-2019,00:40,20.062,4.12,clear sky,22,22.5
01-02-2019,00:45,19.937,4.12,clear sky,22,22.5
01-02-2019,00:50,19.937,4.12,clear sky,22,22.5
01-02-2019,00:55,20,4.12,clear sky,22,22.5
01-02-2019,01:00,20,4.12,clear sky,22,22.5
01-02-2019,01:05,20.062,4.25,broken clouds,22,22.5
01-02-2019,01:10,20.125,4.25,broken clouds,22,22.5
01-02-2019,01:15,20.125,4.25,broken clouds,22,22.5
01-02-2019,01:20,20.062,4.25,broken clouds,22,22.5
01-02-2019,01:25,20.062,4.25,broken clouds,22,22.5
01-02-2019,01:30,20.187,4.34,broken clouds,22,22.5
01-02-2019,01:35,20.187,4,broken clouds,22,22.5
01-02-2019,01:40,20,4,broken clouds,22,22.5
01-02-2019,01:45,20.062,4,broken clouds,22,22.5
01-02-2019,01:50,20.187,4,broken clouds,22,22.5
01-02-2019,01:55,20.125,4,broken clouds,22,22.5
01-02-2019,02:00,20.25,3.97,overcast clouds,22,22.5
01-02-2019,02:05,20.25,3.97,overcast clouds,22,22.5
01-02-2019,02:10,20.187,3.97,overcast clouds,22,22.5
01-02-2019,02:15,20.125,3.97,overcast clouds,22,22.5
01-02-2019,02:20,20.187,3.97,overcast clouds,22,22.5
01-02-2019,02:25,20.125,3.97,overcast clouds,22,22.5
01-02-2019,02:30,20.187,4.39,broken clouds,22,22.5
01-02-2019,02:35,20.25,4.39,broken clouds,22,22.5
01-02-2019,02:40,20.25,4.39,broken clouds,22,22.5
01-02-2019,02:45,20.312,3.69,broken clouds,22,22.5
01-02-2019,02:50,20.312,3.69,broken clouds,22,22.5
01-02-2019,02:55,20.187,3.69,broken clouds,22,22.5
01-02-2019,03:05,20.375,3.67,overcast clouds,22,22.5
01-02-2019,03:10,20.375,3.67,overcast clouds,22,22.5
01-02-2019,03:15,20.375,3.67,overcast clouds,22,22.5
01-02-2019,03:20,20.375,3.66,overcast clouds,22,22.5
01-02-2019,03:25,20.25,3.66,overcast clouds,22,22.5
01-02-2019,03:30,20.25,3.66,overcast clouds,22,22.5
01-02-2019,03:35,20.437,3.84,broken clouds,22,22.5
01-02-2019,03:40,20.25,3.84,broken clouds,22,22.5
01-02-2019,03:45,20.375,3.84,broken clouds,22,22.5
01-02-2019,03:50,20.375,3.84,broken clouds,22,22.5
01-02-2019,03:55,20.5,3.83,broken clouds,22,22.5
01-02-2019,04:00,20.375,3.83,broken clouds,22,22.5
01-02-2019,04:05,20.312,3.83,broken clouds,22,9
01-02-2019,04:10,20.5,3.68,overcast clouds,22,9
01-02-2019,04:15,20.5,3.68,overcast clouds,22,9
01-02-2019,04:20,20.375,3.67,overcast clouds,22,9
01-02-2019,04:25,20.437,3.68,overcast clouds,22,9
01-02-2019,04:35,20.375,3.4,overcast clouds,22,9
01-02-2019,04:40,20.375,3.4,overcast clouds,22,9
01-02-2019,04:45,20.312,3.4,overcast clouds,22,9
01-02-2019,04:50,20.375,3.4,overcast clouds,22,9
01-02-2019,04:55,20.187,3.4,overcast clouds,22,9
01-02-2019,05:00,20.25,3.72,overcast clouds,22,9
01-02-2019,05:05,20.25,3.59,overcast clouds,22,9
01-02-2019,05:10,20.437,3.59,overcast clouds,22,9
01-02-2019,05:15,20.312,3.59,overcast clouds,22,9
01-02-2019,05:20,20.312,3.59,overcast clouds,22,9
01-02-2019,05:25,20.312,3.59,overcast clouds,22,9
01-02-2019,05:30,20.25,3.59,overcast clouds,22,9
01-02-2019,05:35,20.187,3.08,overcast clouds,22,9
01-02-2019,05:40,20.25,3.59,overcast clouds,22,9
01-02-2019,05:45,20.25,3.08,overcast clouds,22,9
01-02-2019,05:50,20.062,3.08,overcast clouds,22,9
01-02-2019,05:55,20.125,3.08,overcast clouds,22,9
01-02-2019,06:00,20.125,3.08,overcast clouds,22,9
01-02-2019,06:05,20.125,3.28,overcast clouds,22,9
01-02-2019,06:10,20.062,3.28,overcast clouds,21.5,9
01-02-2019,06:15,20.062,3.28,overcast clouds,22,9
01-02-2019,06:20,20.062,3.28,overcast clouds,22,9
01-02-2019,06:25,20.062,3.28,overcast clouds,22,9
01-02-2019,06:35,19.875,3.55,broken clouds,22,9
01-02-2019,06:40,20.125,3.55,broken clouds,22,9
01-02-2019,06:45,19.937,3.55,broken clouds,21.5,9
01-02-2019,06:50,20,3.55,broken clouds,22,9
01-02-2019,06:55,20,3.55,broken clouds,21.5,9
01-02-2019,07:00,19.812,3.22,broken clouds,21.5,9
01-02-2019,07:05,19.812,3.55,broken clouds,21.5,9
01-02-2019,07:10,19.75,3.29,overcast clouds,21.5,9
01-02-2019,07:15,19.812,3.29,overcast clouds,21.5,9
01-02-2019,07:20,19.937,3.29,overcast clouds,21.5,9
01-02-2019,07:25,19.812,3.29,overcast clouds,21.5,9
01-02-2019,07:30,19.812,3.29,overcast clouds,21.5,9
01-02-2019,07:35,19.812,3.16,overcast clouds,21.5,9
01-02-2019,07:40,19.687,3.16,overcast clouds,21.5,9
01-02-2019,07:45,19.562,3.15,overcast clouds,21.5,9
01-02-2019,07:50,19.687,3.15,overcast clouds,21.5,9
01-02-2019,07:55,19.687,3.15,overcast clouds,21.5,9
01-02-2019,08:00,19.562,3.15,overcast clouds,21.5,9
01-02-2019,08:05,19.562,3.15,overcast clouds,21.5,9
01-02-2019,08:10,19.687,3.15,overcast clouds,21.5,9
01-02-2019,08:15,19.5,3.15,overcast clouds,21.5,9
01-02-2019,08:20,19.5,3.15,overcast clouds,21.5,9
01-02-2019,08:25,19.562,3.15,overcast clouds,21.5,9
01-02-2019,08:30,19.687,3.49,overcast clouds,21.5,9
01-02-2019,08:35,19.5,3.49,overcast clouds,21.5,9
01-02-2019,08:40,19.562,3.63,overcast clouds,21.5,9
01-02-2019,08:45,19.562,3.63,overcast clouds,21.5,9
01-02-2019,08:50,19.562,3.63,overcast clouds,21.5,9
01-02-2019,08:55,19.437,3.63,overcast clouds,21.5,9
01-02-2019,09:00,19.5,3.63,overcast clouds,21.5,9
01-02-2019,09:05,19.375,3.63,overcast clouds,21.5,9
01-02-2019,09:10,19.562,3.72,broken clouds,21.5,9
01-02-2019,09:15,19.75,3.72,broken clouds,21.5,9
01-02-2019,09:20,19.562,3.72,broken clouds,21.5,9
01-02-2019,09:25,19.562,3.72,broken clouds,21,9
01-02-2019,09:30,19.437,3.72,broken clouds,21,9
01-02-2019,09:35,19.562,3.58,overcast clouds,21,9
01-02-2019,09:40,19.687,3.58,overcast clouds,21,9
01-02-2019,09:45,19.75,3.57,overcast clouds,21,9
01-02-2019,09:50,19.687,3.57,overcast clouds,21,9
01-02-2019,09:55,19.875,3.57,overcast clouds,21,9
01-02-2019,10:05,20.062,3.82,broken clouds,21.5,9
01-02-2019,10:10,19.875,3.82,broken clouds,21.5,9
01-02-2019,10:15,19.937,3.82,broken clouds,21.5,9
01-02-2019,10:20,19.812,3.82,broken clouds,21.5,9
01-02-2019,10:25,19.937,3.82,broken clouds,21.5,9
01-02-2019,10:30,19.937,3.82,broken clouds,21.5,9
01-02-2019,10:35,20.125,4.45,overcast clouds,21.5,9
01-02-2019,10:40,20.187,4.45,overcast clouds,21.5,9
01-02-2019,10:45,20.062,4.45,overcast clouds,21.5,9
01-02-2019,10:50,20.187,4.45,overcast clouds,21,9
01-02-2019,10:55,20.125,4.45,overcast clouds,21.5,9
01-02-2019,11:05,20,4.54,overcast clouds,21.5,9
01-02-2019,11:10,20.125,4.54,overcast clouds,21,21
01-02-2019,11:15,20.187,4.54,overcast clouds,21.5,21
01-02-2019,11:20,20.125,4.54,overcast clouds,21.5,21
01-02-2019,11:25,20.437,4.54,overcast clouds,21,21
01-02-2019,11:30,20.437,4.6,light rain,21,21
01-02-2019,11:35,20.375,4.6,light rain,21.5,21
01-02-2019,11:40,20.562,4.91,light rain,21.5,21
01-02-2019,11:45,20.437,4.91,light rain,21.5,21
01-02-2019,11:50,20.437,4.91,light rain,21.5,20
01-02-2019,11:55,20.437,4.91,light rain,21.5,20
01-02-2019,12:00,20.437,4.91,light rain,21.5,20
01-02-2019,12:05,20.437,5.08,broken clouds,21.5,20
01-02-2019,12:10,20.312,5.08,broken clouds,21.5,20
01-02-2019,12:15,20.312,5.08,broken clouds,21.5,20
01-02-2019,12:20,20.375,5.08,broken clouds,21.5,20
01-02-2019,12:25,20.312,5.08,broken clouds,21.5,20
01-02-2019,12:30,20.312,5.2,overcast clouds,21.5,20
01-02-2019,12:35,20.25,5.2,overcast clouds,21.5,20
01-02-2019,12:40,20.437,5.08,overcast clouds,21.5,20
01-02-2019,12:45,20.187,5.08,overcast clouds,21.5,20
01-02-2019,12:50,20.25,5.08,overcast clouds,21.5,20
01-02-2019,12:55,20.312,5.08,overcast clouds,21.5,20
01-02-2019,13:00,20.187,5.08,overcast clouds,21.5,20
01-02-2019,13:05,20.312,5.08,overcast clouds,21.5,20
01-02-2019,13:10,20.25,5.16,light rain,21.5,20
01-02-2019,13:15,20.187,5.16,light rain,21.5,20
01-02-2019,13:20,20.375,5.16,light rain,21.5,20
01-02-2019,13:25,20.5,5.16,light rain,21.5,20
01-02-2019,13:35,20.437,5.45,broken clouds,21.5,20
01-02-2019,13:40,20,5.45,broken clouds,21.5,20
01-02-2019,13:45,20.25,5.45,broken clouds,21.5,20
01-02-2019,13:50,19.562,5.45,broken clouds,21,20
01-02-2019,13:55,20.125,5.45,broken clouds,21.5,20
01-02-2019,14:00,20.187,5.45,broken clouds,21.5,20
01-02-2019,14:05,20.062,5.45,broken clouds,21.5,20
01-02-2019,14:10,20.5,5.45,broken clouds,21.5,20
01-02-2019,14:15,20.375,5.45,broken clouds,21.5,20
01-02-2019,14:20,20.5,5.45,broken clouds,21.5,20
01-02-2019,14:25,20.625,5.45,broken clouds,21.5,20
01-02-2019,14:30,20.5,5.55,overcast clouds,21.5,20
01-02-2019,14:35,20.5,5.45,overcast clouds,21.5,20
01-02-2019,14:40,20.375,5.45,overcast clouds,21.5,20
01-02-2019,14:45,20.375,5.45,overcast clouds,21.5,20
01-02-2019,14:50,20.375,5.45,overcast clouds,21.5,20
01-02-2019,14:55,20.25,5.45,overcast clouds,21.5,20
01-02-2019,15:00,20.125,5.36,overcast clouds,21.5,20
01-02-2019,15:05,20.062,5.45,overcast clouds,21.5,20
01-02-2019,15:10,20,5.16,light intensity shower rain,21.5,20
01-02-2019,15:15,20,5.16,light intensity shower rain,21.5,20
01-02-2019,15:20,20,5.16,light intensity shower rain,21.5,21
01-02-2019,15:25,20.187,5.16,light intensity shower rain,21.5,21
01-02-2019,15:30,20.187,5.16,light intensity shower rain,21.5,21
01-02-2019,15:35,20.312,5.08,shower rain,21.5,21
01-02-2019,15:40,20,5.08,shower rain,21.5,21
01-02-2019,15:45,20.25,5.08,shower rain,21.5,21
01-02-2019,15:50,20.187,5.08,shower rain,21.5,21
01-02-2019,15:55,20.125,5.08,shower rain,21.5,21
01-02-2019,16:00,20.062,5.08,shower rain,21.5,21
01-02-2019,16:05,19.937,5,shower rain,21.5,21
01-02-2019,16:10,19.937,5,shower rain,21.5,21
01-02-2019,16:15,19.875,5,shower rain,22,21.5
01-02-2019,16:20,19.75,5,shower rain,21.5,21.5
01-02-2019,16:25,19.875,5,shower rain,21.5,21.5
01-02-2019,16:30,20,5,shower rain,21.5,21.5
01-02-2019,16:35,19.812,4.91,light rain,21.5,21.5
01-02-2019,16:40,19.812,4.91,light rain,21.5,21.5
01-02-2019,16:45,19.812,4.91,light rain,21.5,21.5
01-02-2019,16:50,19.75,4.91,light rain,21.5,21.5
01-02-2019,16:55,19.75,4.91,light rain,21.5,21.5
01-02-2019,17:00,19.687,4.91,light rain,21.5,21.5
01-02-2019,17:05,19.687,4.83,light rain,21.5,21.5
01-02-2019,17:10,19.625,4.83,light rain,21.5,21.5
01-02-2019,17:15,19.625,4.83,light rain,21.5,22
01-02-2019,17:20,19.5,4.83,light rain,21.5,22
01-02-2019,17:25,19.562,4.83,light rain,21.5,22
01-02-2019,17:30,19.562,4.83,light rain,21.5,22
01-02-2019,17:35,19.625,4.66,overcast clouds,21.5,22
01-02-2019,17:40,19.687,4.66,overcast clouds,21.5,22
01-02-2019,17:45,19.562,4.66,overcast clouds,21.5,22
01-02-2019,17:50,19.687,4.66,overcast clouds,21.5,22
01-02-2019,17:55,19.75,4.66,overcast clouds,21.5,22
01-02-2019,18:00,19.75,4.74,overcast clouds,21.5,22
01-02-2019,18:05,19.812,4.66,overcast clouds,21.5,22
01-02-2019,18:10,19.687,4.75,overcast clouds,21.5,22
01-02-2019,18:15,19.75,4.74,overcast clouds,21.5,22
01-02-2019,18:20,19.687,4.74,overcast clouds,21.5,22
01-02-2019,18:25,19.687,4.74,overcast clouds,21.5,22
01-02-2019,18:30,19.625,4.7,overcast clouds,21.5,22
01-02-2019,18:35,19.687,4.58,overcast clouds,21.5,22
01-02-2019,18:40,19.687,4.58,overcast clouds,21.5,22
01-02-2019,18:50,19.812,4.58,overcast clouds,21.5,22
01-02-2019,18:55,19.812,4.58,overcast clouds,21.5,22
01-02-2019,19:05,19.625,4.41,light rain,21.5,22
01-02-2019,19:10,19.812,4.41,light rain,21.5,22
01-02-2019,19:15,20,4.41,light rain,21.5,22
01-02-2019,19:20,19.937,4.41,light rain,21.5,22
01-02-2019,19:25,20,4.41,light rain,21.5,22
01-02-2019,19:30,20,4.77,overcast clouds,21.5,22
01-02-2019,19:35,20.187,4.63,overcast clouds,21.5,22
01-02-2019,19:40,20.062,4.63,overcast clouds,21.5,22
01-02-2019,19:45,20.062,4.63,overcast clouds,22,22
01-02-2019,19:50,19.812,4.63,overcast clouds,22,22
01-02-2019,19:55,20.062,4.63,overcast clouds,21.5,22
01-02-2019,20:00,20.187,4.63,overcast clouds,21.5,22
01-02-2019,20:05,20.187,4.27,light rain,22,22
01-02-2019,20:10,20.187,4.27,light rain,22,22
01-02-2019,20:15,20.125,4.27,light rain,22,22
01-02-2019,20:20,20.25,4.27,light rain,22,22
01-02-2019,20:25,20.312,4.26,light rain,22,22
01-02-2019,20:30,20.25,4.26,light rain,22,22
01-02-2019,20:35,20.437,4.36,overcast clouds,22,22
01-02-2019,20:40,20.437,4.36,overcast clouds,22,22
01-02-2019,20:45,20.625,4.36,overcast clouds,22,22
01-02-2019,20:50,20.625,4.36,overcast clouds,22,22
01-02-2019,20:55,20.687,4.36,overcast clouds,22,22
01-02-2019,21:00,20.75,4.36,overcast clouds,22,22
01-02-2019,21:05,20.75,4.36,overcast clouds,22,22
01-02-2019,21:10,20.812,4.36,light rain,22,22
01-02-2019,21:15,20.75,4.36,light rain,22,22
01-02-2019,21:20,20.625,4.36,light rain,22.5,22
01-02-2019,21:25,20.75,4.36,light rain,22.5,22
01-02-2019,21:35,20.812,4.09,overcast clouds,22.5,22
01-02-2019,21:40,20.937,4.09,overcast clouds,22,22
01-02-2019,21:45,21,4.09,overcast clouds,22.5,22
01-02-2019,21:50,20.812,4.09,overcast clouds,22.5,22
01-02-2019,21:55,21,4.08,overcast clouds,22,22
01-02-2019,22:00,20.875,4.08,overcast clouds,22.5,22
01-02-2019,22:05,21.062,4,overcast clouds,22.5,22
01-02-2019,22:10,21.062,4,overcast clouds,22.5,22
01-02-2019,22:15,21.187,4,overcast clouds,22,22
01-02-2019,22:20,21.125,4,overcast clouds,22,22
01-02-2019,22:25,21.187,4,overcast clouds,22,22
01-02-2019,22:30,21.187,4,overcast clouds,22,22
01-02-2019,22:35,21.187,3.99,overcast clouds,22,22
01-02-2019,22:40,21.062,3.91,overcast clouds,22,22
01-02-2019,22:45,21.187,3.91,overcast clouds,22,22
01-02-2019,22:50,21.062,3.9,overcast clouds,22,22
01-02-2019,22:55,21.25,3.9,overcast clouds,22,22
01-02-2019,23:05,21.312,3.89,overcast clouds,22,22
01-02-2019,23:10,21.125,3.89,overcast clouds,22,22
01-02-2019,23:15,20.875,3.89,overcast clouds,22,22
01-02-2019,23:20,21.125,3.89,overcast clouds,22,22
01-02-2019,23:25,21.187,3.89,overcast clouds,22,22
01-02-2019,23:35,21.062,3.89,overcast clouds,22,22
01-02-2019,23:40,20.937,3.89,overcast clouds,22,22
01-02-2019,23:45,20.812,3.89,overcast clouds,22,22
01-02-2019,23:50,20.875,3.89,overcast clouds,22,22
01-02-2019,23:55,20.75,3.89,overcast clouds,22,22
01-03-2019,00:05,20.625,3.88,overcast clouds,22,22
01-03-2019,00:10,20.562,3.88,overcast clouds,21.5,22
01-03-2019,00:15,20.562,3.88,overcast clouds,21.5,22
01-03-2019,00:20,20.5,3.88,overcast clouds,21.5,22
01-03-2019,00:25,20.5,3.88,overcast clouds,21.5,22
01-03-2019,00:35,20.5,3.88,overcast clouds,21.5,22
01-03-2019,00:40,20.375,3.88,overcast clouds,21.5,22
01-03-2019,00:45,20.25,3.88,overcast clouds,21.5,22
01-03-2019,00:50,20.375,3.88,overcast clouds,21.5,22
01-03-2019,00:55,20.25,3.88,overcast clouds,21.5,22
01-03-2019,01:00,20.125,3.88,overcast clouds,21.5,22
01-03-2019,01:05,20.187,3.88,overcast clouds,21.5,22
01-03-2019,01:10,20.125,3.88,overcast clouds,21.5,22
01-03-2019,01:15,20.125,3.66,overcast clouds,21.5,22
01-03-2019,01:20,20.062,3.66,overcast clouds,21.5,22
01-03-2019,01:25,19.937,3.66,overcast clouds,21.5,22
01-03-2019,01:30,19.875,3.48,overcast clouds,21.5,22
01-03-2019,01:35,19.687,3.66,overcast clouds,21.5,22
01-03-2019,01:40,19.687,3.66,overcast clouds,21.5,22
01-03-2019,01:45,19.562,3.66,overcast clouds,21.5,22
01-03-2019,01:50,19.562,3.66,overcast clouds,21.5,22
01-03-2019,01:55,19.562,3.66,overcast clouds,21.5,22
01-03-2019,02:05,19.625,3.67,light rain,21.5,22
01-03-2019,02:10,19.562,3.67,light rain,21.5,22
01-03-2019,02:15,19.437,3.67,light rain,21.5,22
01-03-2019,02:20,19.562,3.67,light rain,21.5,22
01-03-2019,02:25,19.562,3.67,light rain,21.5,22
01-03-2019,02:30,19.5,3.67,light rain,21.5,22
01-03-2019,02:35,19.5,3.66,overcast clouds,21.5,22
01-03-2019,02:40,19.375,3.66,overcast clouds,21.5,22
01-03-2019,02:45,19.562,3.66,overcast clouds,21.5,22
01-03-2019,02:50,19.625,3.66,overcast clouds,21.5,22
01-03-2019,02:55,19.562,3.66,overcast clouds,21.5,22
01-03-2019,03:00,19.625,3.67,overcast clouds,21.5,22
01-03-2019,03:05,19.687,3.67,overcast clouds,21.5,22
01-03-2019,03:10,19.625,3.67,overcast clouds,21.5,22
01-03-2019,03:15,19.5,3.67,overcast clouds,21.5,22
01-03-2019,03:20,19.687,3.67,overcast clouds,21.5,22
01-03-2019,03:25,19.687,3.67,overcast clouds,21.5,22
01-03-2019,03:30,19.687,3.67,overcast clouds,21.5,22
01-03-2019,03:35,19.687,3.43,overcast clouds,21.5,22
01-03-2019,03:40,19.562,3.43,overcast clouds,21.5,22
01-03-2019,03:45,19.625,3.43,overcast clouds,21.5,22
01-03-2019,03:50,19.687,3.43,overcast clouds,21.5,22
01-03-2019,03:55,19.687,3.43,overcast clouds,21.5,22
01-03-2019,04:00,19.687,3.43,overcast clouds,21.5,22
01-03-2019,04:05,19.687,3.25,overcast clouds,21.5,22
01-03-2019,04:10,19.75,3.25,overcast clouds,21.5,22
01-03-2019,04:15,19.875,3.25,overcast clouds,21.5,22
01-03-2019,04:20,19.75,3.25,overcast clouds,21.5,22
01-03-2019,04:25,19.812,3.25,overcast clouds,21.5,22
01-03-2019,04:30,19.812,3.25,overcast clouds,21.5,22
01-03-2019,04:35,19.687,3.54,overcast clouds,21.5,22
01-03-2019,04:40,19.812,3.25,overcast clouds,21.5,22
01-03-2019,04:45,19.875,3.54,overcast clouds,21.5,22
01-03-2019,04:50,19.875,3.54,overcast clouds,21.5,22
01-03-2019,04:55,19.812,3.54,overcast clouds,21.5,22
01-03-2019,05:00,19.875,3.43,overcast clouds,21.5,22
01-03-2019,05:05,19.812,3.43,overcast clouds,21.5,22
01-03-2019,05:10,19.937,3.43,overcast clouds,21.5,22
01-03-2019,05:15,19.937,3.43,overcast clouds,21.5,22
01-03-2019,05:20,19.875,3.43,overcast clouds,21.5,22
01-03-2019,05:25,20,3.43,overcast clouds,21.5,22
01-03-2019,05:30,19.75,3.43,overcast clouds,21.5,22
01-03-2019,05:35,19.937,3.43,overcast clouds,21.5,22
01-03-2019,05:40,20,3.66,overcast clouds,21.5,22
01-03-2019,05:45,20,3.66,overcast clouds,21.5,22
01-03-2019,05:50,20,3.66,overcast clouds,21.5,9
01-03-2019,05:55,20.062,3.66,overcast clouds,21.5,9
01-03-2019,06:00,19.937,3.66,overcast clouds,21.5,9
01-03-2019,06:05,20.062,3.55,overcast clouds,21.5,9
01-03-2019,06:10,20.062,3.55,overcast clouds,21.5,9
01-03-2019,06:15,19.937,3.55,overcast clouds,21.5,9
01-03-2019,06:20,20.062,3.55,overcast clouds,21.5,9
01-03-2019,06:25,20.062,3.55,overcast clouds,21.5,9
01-03-2019,06:30,19.875,3.42,overcast clouds,21.5,9
01-03-2019,06:35,19.875,3.42,overcast clouds,21.5,9
01-03-2019,06:40,19.937,3.39,overcast clouds,21.5,9
01-03-2019,06:45,19.812,3.39,overcast clouds,21.5,9
01-03-2019,06:50,20,3.39,overcast clouds,21.5,9
01-03-2019,06:55,19.812,3.39,overcast clouds,21.5,9
01-03-2019,07:00,19.875,3.36,overcast clouds,21.5,9
01-03-2019,07:05,19.875,3.36,overcast clouds,21.5,9
01-03-2019,07:10,19.75,3.35,broken clouds,21.5,9
01-03-2019,07:15,19.812,3.35,broken clouds,21.5,9
01-03-2019,07:20,19.812,3.35,broken clouds,21.5,9
01-03-2019,07:25,19.875,3.35,broken clouds,21.5,9
01-03-2019,07:30,19.875,3.35,broken clouds,21.5,9
01-03-2019,07:35,19.812,3.33,overcast clouds,21.5,9
01-03-2019,07:40,19.812,3.33,overcast clouds,21.5,9
01-03-2019,07:45,19.625,3.33,overcast clouds,21.5,9
01-03-2019,07:50,19.687,3.33,overcast clouds,21.5,9
01-03-2019,07:55,19.687,3.33,overcast clouds,21.5,9
01-03-2019,08:00,19.812,3.33,overcast clouds,21.5,9
01-03-2019,08:05,19.625,3.33,overcast clouds,21.5,9
01-03-2019,08:10,19.75,3.54,broken clouds,21.5,9
01-03-2019,08:15,19.562,3.54,broken clouds,21.5,9
01-03-2019,08:20,19.625,3.54,broken clouds,21.5,9
01-03-2019,08:25,19.625,3.53,broken clouds,21.5,9
01-03-2019,08:30,19.562,3.39,overcast clouds,21.5,9
01-03-2019,08:35,19.562,3.33,overcast clouds,21.5,9
01-03-2019,08:40,19.625,3.33,overcast clouds,21.5,9
01-03-2019,08:45,19.75,3.33,overcast clouds,21.5,9
01-03-2019,08:50,19.687,3.33,overcast clouds,21.5,9
01-03-2019,08:55,19.437,3.33,overcast clouds,21.5,9
01-03-2019,09:00,19.625,3.33,overcast clouds,21.5,9
01-03-2019,09:05,19.625,3.33,overcast clouds,21.5,9
01-03-2019,09:10,19.562,3.45,broken clouds,21.5,9
01-03-2019,09:15,19.562,3.45,broken clouds,21.5,9
01-03-2019,09:20,19.562,3.45,broken clouds,21.5,9
01-03-2019,09:25,19.625,3.45,broken clouds,21.5,9
01-03-2019,09:35,19.625,3.49,overcast clouds,21.5,9
01-03-2019,09:40,19.562,3.49,overcast clouds,21,9
01-03-2019,09:45,19.437,3.49,overcast clouds,21.5,9
01-03-2019,09:50,19.437,3.49,overcast clouds,21,9
01-03-2019,09:55,19.5,3.49,overcast clouds,21.5,9
01-03-2019,10:00,19.625,3.49,overcast clouds,21,9
01-03-2019,10:05,19.5,3.81,broken clouds,21,9
01-03-2019,10:10,19.687,3.81,broken clouds,21.5,9
01-03-2019,10:15,19.75,3.81,broken clouds,21.5,9
01-03-2019,10:20,19.687,3.81,broken clouds,21,9
01-03-2019,10:25,19.625,3.81,broken clouds,21.5,9
01-03-2019,10:30,19.687,4,broken clouds,21.5,9
01-03-2019,10:35,19.625,4,broken clouds,21.5,9
01-03-2019,10:40,20,3.9,overcast clouds,21.5,9
01-03-2019,10:45,20,3.9,overcast clouds,21.5,9
01-03-2019,10:50,20,3.9,overcast clouds,21.5,9
01-03-2019,10:55,20.062,3.9,overcast clouds,21.5,9
01-03-2019,11:05,20.062,4.08,broken clouds,21.5,9
01-03-2019,11:10,20.25,4.08,broken clouds,21.5,9
01-03-2019,11:15,20.125,4.08,broken clouds,21.5,9
01-03-2019,11:20,20.187,4.08,broken clouds,21.5,9
01-03-2019,11:25,19.875,4.07,broken clouds,21.5,9
01-03-2019,11:30,20,4.08,broken clouds,21.5,9
01-03-2019,11:35,20,4.36,overcast clouds,21.5,9
01-03-2019,11:40,20,4.36,overcast clouds,21.5,9
01-03-2019,11:45,19.75,4.36,overcast clouds,21.5,9
01-03-2019,11:50,19.75,4.36,overcast clouds,21.5,21
01-03-2019,11:55,19.75,4.36,overcast clouds,21.5,21
01-03-2019,12:00,20,4.36,broken clouds,21.5,21
01-03-2019,12:05,19.875,4.36,broken clouds,21.5,21
01-03-2019,12:10,19.937,4.36,broken clouds,21.5,21
01-03-2019,12:15,19.875,4.36,broken clouds,21.5,21
01-03-2019,12:20,19.687,4.36,broken clouds,21.5,21
01-03-2019,12:25,19.75,4.36,broken clouds,21.5,21
01-03-2019,12:30,19.687,4.44,broken clouds,21.5,21
01-03-2019,12:35,19.625,4.36,broken clouds,21.5,21
01-03-2019,12:40,19.437,4.27,overcast clouds,21.5,21
01-03-2019,12:45,19.562,4.27,overcast clouds,21.5,21
01-03-2019,12:50,19.5,4.27,overcast clouds,21.5,21
01-03-2019,12:55,19.562,4.27,overcast clouds,21.5,21
01-03-2019,13:00,19.562,4.58,overcast clouds,21.5,21
01-03-2019,13:05,19.625,4.58,broken clouds,21.5,21
01-03-2019,13:10,19.562,4.58,overcast clouds,21,21
01-03-2019,13:15,19.625,4.58,broken clouds,21,21
01-03-2019,13:20,19.375,4.58,broken clouds,21,21
01-03-2019,13:25,19.437,4.58,broken clouds,21,21
01-03-2019,13:30,19.312,4.58,broken clouds,21,21
01-03-2019,13:35,19.437,4.66,overcast clouds,21,21
01-03-2019,13:40,19.25,4.66,overcast clouds,21,21
01-03-2019,13:45,19.437,4.66,overcast clouds,22,21
01-03-2019,13:50,19.312,4.66,overcast clouds,22,21
01-03-2019,13:55,19.375,4.66,overcast clouds,22,21
01-03-2019,14:00,19.312,4.36,overcast clouds,21.5,21
01-03-2019,14:05,19.312,4.36,broken clouds,22,21
01-03-2019,14:10,19.25,4.36,broken clouds,21.5,21
01-03-2019,14:15,19.312,4.36,broken clouds,21.5,21
01-03-2019,14:20,19.25,4.36,broken clouds,21.5,21
01-03-2019,14:25,19.187,4.36,broken clouds,21.5,21
01-03-2019,14:30,19.25,4.44,broken clouds,21.5,21
01-03-2019,14:35,19.187,4.36,overcast clouds,21.5,21
01-03-2019,14:40,19.125,4.44,broken clouds,21.5,21
01-03-2019,14:45,19.25,4.36,overcast clouds,21,21
01-03-2019,14:50,19.125,4.36,overcast clouds,21,21
01-03-2019,14:55,19.25,4.36,overcast clouds,21,21
01-03-2019,15:00,19.125,4.36,overcast clouds,21,21
01-03-2019,15:05,19,4.36,overcast clouds,21,21
01-03-2019,15:10,18.937,4.27,broken clouds,21,21
01-03-2019,15:15,19.062,4.27,broken clouds,21,21
01-03-2019,15:20,18.812,4.27,broken clouds,21,21
01-03-2019,15:25,18.812,4.27,broken clouds,21,21
01-03-2019,15:30,18.937,4.37,broken clouds,21,21
01-03-2019,15:35,18.75,4.37,broken clouds,21,21
01-03-2019,15:40,18.687,4.37,broken clouds,21,21
01-03-2019,15:45,18.75,4.45,overcast clouds,20.5,21
01-03-2019,15:50,18.625,4.45,overcast clouds,20.5,21
01-03-2019,15:55,18.75,4.45,overcast clouds,20.5,21
01-03-2019,16:00,18.687,4.45,overcast clouds,20.5,21
01-03-2019,16:05,18.625,4.17,broken clouds,20.5,21
01-03-2019,16:10,18.75,4.17,broken clouds,20.5,21
01-03-2019,16:15,18.5,4.17,broken clouds,20.5,21
01-03-2019,16:20,18.75,4.17,broken clouds,20.5,21
01-03-2019,16:25,18.562,4.17,broken clouds,20.5,21
01-03-2019,16:30,18.687,4.17,broken clouds,20.5,21
01-03-2019,16:35,18.5,3.81,overcast clouds,20.5,21
01-03-2019,16:40,18.562,3.81,overcast clouds,20.5,21
01-03-2019,16:45,18.687,3.81,overcast clouds,20.5,21
01-03-2019,16:50,18.562,3.81,overcast clouds,20.5,21
01-03-2019,16:55,18.687,3.81,overcast clouds,20.5,21
01-03-2019,17:00,18.5,3.81,overcast clouds,20.5,21
01-03-2019,17:05,18.625,3.81,overcast clouds,20.5,21
01-03-2019,17:10,18.625,3.81,broken clouds,20.5,21
01-03-2019,17:15,18.75,3.81,broken clouds,20.5,21
01-03-2019,17:20,18.562,3.8,broken clouds,20.5,21
01-03-2019,17:25,18.687,3.8,broken clouds,20.5,21
01-03-2019,17:30,18.75,3.8,broken clouds,20.5,21
01-03-2019,17:35,18.625,3.8,broken clouds,20.5,21
01-03-2019,17:40,18.187,3.81,overcast clouds,20.5,21
01-03-2019,17:45,18.562,3.81,overcast clouds,20.5,21
01-03-2019,17:50,18.75,3.81,overcast clouds,20.5,21
01-03-2019,17:55,18.75,3.81,overcast clouds,20.5,21
01-03-2019,18:05,18.937,3.81,overcast clouds,20.5,21
01-03-2019,18:10,18.812,3.72,broken clouds,20.5,21
01-03-2019,18:15,18.937,3.72,broken clouds,20.5,21
01-03-2019,18:20,19,3.72,broken clouds,20.5,21
01-03-2019,18:25,19.187,3.72,broken clouds,20.5,21
01-03-2019,18:30,19.375,3.72,broken clouds,21,21
01-03-2019,18:35,19.437,3.72,overcast clouds,21,21
01-03-2019,18:40,19.562,3.72,overcast clouds,21,21
01-03-2019,18:45,19.375,3.72,overcast clouds,21,21
01-03-2019,18:50,19.562,3.72,overcast clouds,21,21
01-03-2019,18:55,19.437,3.72,overcast clouds,20,21
01-03-2019,19:05,18.125,3.53,broken clouds,20.5,21
01-03-2019,19:10,19.25,3.53,broken clouds,20.5,21
01-03-2019,19:15,19.875,3.53,broken clouds,21,21
01-03-2019,19:20,19.437,3.53,broken clouds,21,21
01-03-2019,19:25,19.687,3.52,broken clouds,21,21
01-03-2019,19:30,19.812,3.87,broken clouds,21.5,21
01-03-2019,19:35,19.937,3.87,broken clouds,21.5,21
01-03-2019,19:40,19.75,3.66,overcast clouds,21.5,21
01-03-2019,19:45,20,3.66,overcast clouds,21.5,21
01-03-2019,19:50,19.937,3.66,overcast clouds,21.5,21
01-03-2019,19:55,19.875,3.66,overcast clouds,21.5,21
01-03-2019,20:00,19.937,3.65,overcast clouds,21.5,21
01-03-2019,20:05,19.875,3.43,broken clouds,21.5,21
01-03-2019,20:10,19.875,3.65,overcast clouds,21.5,21
01-03-2019,20:15,20,3.43,broken clouds,21.5,21
01-03-2019,20:20,19.937,3.43,broken clouds,21.5,21
01-03-2019,20:25,20.187,3.43,broken clouds,21.5,21
01-03-2019,20:30,20.187,3.43,broken clouds,21.5,21
01-03-2019,20:35,20.062,3.62,broken clouds,21.5,21
01-03-2019,20:40,19.875,2.68,overcast clouds,21.5,21
01-03-2019,20:45,20.062,2.68,overcast clouds,21.5,21
01-03-2019,20:50,20,2.68,overcast clouds,21.5,21
01-03-2019,20:55,19.812,2.68,overcast clouds,21.5,21
01-03-2019,21:00,19.875,2.68,overcast clouds,21.5,21
01-03-2019,21:05,19.937,2.68,overcast clouds,21.5,21
01-03-2019,21:10,19.812,2.68,overcast clouds,21.5,21
01-03-2019,21:15,19.937,2.39,clear sky,21.5,21
01-03-2019,21:20,20,2.39,clear sky,21.5,21
01-03-2019,21:25,20.062,2.39,clear sky,21.5,21
01-03-2019,21:30,19.75,2.39,clear sky,21.5,21
01-03-2019,21:35,19.812,2.39,clear sky,21.5,21
01-03-2019,21:40,19.687,2.39,clear sky,21.5,21
01-03-2019,21:45,19.75,2.48,overcast clouds,21.5,21
01-03-2019,21:50,19.812,2.48,overcast clouds,21.5,21
01-03-2019,21:55,19.75,2.48,overcast clouds,21.5,21
01-03-2019,22:00,19.562,2.48,overcast clouds,21.5,21.5
01-03-2019,22:05,19.5,2.48,overcast clouds,21.5,21.5
01-03-2019,22:10,19.75,2.48,overcast clouds,21.5,21.5
01-03-2019,22:15,19.75,2.48,overcast clouds,21.5,21.5
01-03-2019,22:20,19.75,2.48,overcast clouds,21.5,21.5
01-03-2019,22:25,19.687,2.3,clear sky,21.5,21.5
01-03-2019,22:30,19.437,2.3,clear sky,21.5,21.5
01-03-2019,22:35,19.437,2.3,clear sky,21.5,21.5
01-03-2019,22:40,19.5,2.3,clear sky,21.5,21.5
01-03-2019,22:50,19.437,2.3,broken clouds,21.5,21.5
01-03-2019,22:55,19.5,2.3,broken clouds,21.5,21.5
01-03-2019,23:00,19.312,2.3,broken clouds,21,21.5
01-03-2019,23:05,19.437,2.3,broken clouds,21,21.5
01-03-2019,23:10,19.375,2.3,broken clouds,21,21.5
01-03-2019,23:15,19.312,2.3,broken clouds,21,21.5
01-03-2019,23:20,19.187,2.09,clear sky,21,21.5
01-03-2019,23:25,19.25,2.09,clear sky,21,21.5
01-03-2019,23:30,19.187,2.09,clear sky,21,21.5
01-03-2019,23:35,19,2.09,clear sky,21,21.5
01-03-2019,23:40,19.187,2.09,clear sky,21,21.5
01-03-2019,23:45,18.937,2.09,clear sky,21,21.5
01-03-2019,23:50,19.125,1.99,overcast clouds,21,21.5
01-03-2019,23:55,19,1.99,overcast clouds,21,21.5